{
"type": "FeatureCollection",
"name": "CampRoad",
"crs": { "type": "name", "properties": { "name": "urn:ogc:def:crs:OGC:1.3:CRS84" } },
"features": [
{ "type": "Feature", "properties": { "FID": 0 }, "geometry": { "type": "MultiPolygon", "coordinates": [ [ [ [ 174.469374683734344, -35.506260708614313 ], [ 174.469375022817019, -35.506260923401271 ], [ 174.469417269627684, -35.506288116738126 ], [ 174.469418336464116, -35.506288839680003 ], [ 174.469447939659091, -35.506309948786509 ], [ 174.469477782486479, -35.506330554062906 ], [ 174.469508022753303, -35.506350768207341 ], [ 174.469538652794142, -35.50637058609567 ], [ 174.469569664842936, -35.506390002703043 ], [ 174.469601227356975, -35.506409119902294 ], [ 174.469602579458467, -35.50640999368899 ], [ 174.469744432219443, -35.50650770871902 ], [ 174.469750076814847, -35.50651303924932 ], [ 174.469753430647557, -35.506519535153288 ], [ 174.469754165420568, -35.506526560566769 ], [ 174.469752209208508, -35.506533427793428 ], [ 174.469747753498467, -35.506539464621156 ], [ 174.469741234446019, -35.506544080122971 ], [ 174.469733290181551, -35.506546822501129 ], [ 174.469724698345431, -35.506547423312313 ], [ 174.469716299967132, -35.506545823744908 ], [ 174.469708917139059, -35.506542180375789 ], [ 174.469567723695377, -35.506444919489816 ], [ 174.469536677620169, -35.506426115089809 ], [ 174.469536327085677, -35.506425899218414 ], [ 174.469504966597668, -35.50640626444919 ], [ 174.469504620311056, -35.506406044041611 ], [ 174.469473646124271, -35.506386003483158 ], [ 174.469473304173277, -35.506385778595231 ], [ 174.469442724139952, -35.506365337328191 ], [ 174.469442386611291, -35.506365108016972 ], [ 174.469412208483732, -35.50634427122354 ], [ 174.469411875462981, -35.50634403754713 ], [ 174.469382629194627, -35.506323182947945 ], [ 174.469341095429002, -35.506296448575846 ], [ 174.469298677347354, -35.506270008715134 ], [ 174.469255761237065, -35.506244111800875 ], [ 174.46921235749096, -35.50621876410419 ], [ 174.469174217570952, -35.506197215356394 ], [ 174.469168307380528, -35.506196411130823 ], [ 174.469134350615633, -35.506192263259557 ], [ 174.469100314272708, -35.506188577199865 ], [ 174.469066207743396, -35.50618535396891 ], [ 174.469032040440283, -35.506182594456199 ], [ 174.468997593616024, -35.506180284119566 ], [ 174.468997346239121, -35.506180266610407 ], [ 174.468901748819775, -35.506173145364933 ], [ 174.468901409357102, -35.506173118344826 ], [ 174.46880592704278, -35.506165030266935 ], [ 174.468805588015073, -35.506164999813763 ], [ 174.468710235430791, -35.506155946142215 ], [ 174.468705212406263, -35.506155075491584 ], [ 174.468689859910825, -35.506151162356069 ], [ 174.468689427909425, -35.506151049046835 ], [ 174.46867415626707, -35.506146929806192 ], [ 174.468673726605175, -35.506146810697814 ], [ 174.468658539953935, -35.506142486468178 ], [ 174.468658112747931, -35.506142361592964 ], [ 174.468643015202815, -35.506137833546028 ], [ 174.468642590568464, -35.506137702937785 ], [ 174.468627586220293, -35.506132972300492 ], [ 174.468627164272704, -35.506132835994627 ], [ 174.468612257187061, -35.506127904048796 ], [ 174.468611838040516, -35.506127762082244 ], [ 174.468597032256667, -35.506122630164214 ], [ 174.468596616024769, -35.506122482575442 ], [ 174.468581915554466, -35.506117152075795 ], [ 174.468581502349963, -35.506116998904758 ], [ 174.468566911176481, -35.506111471267843 ], [ 174.468566501111354, -35.506111312556108 ], [ 174.468552023188323, -35.506105589279677 ], [ 174.46855161637373, -35.506105425070217 ], [ 174.468537255624028, -35.506099507705102 ], [ 174.468536852170104, -35.506099338042382 ], [ 174.468522612484975, -35.506093228191915 ], [ 174.468522212501114, -35.506093053121944 ], [ 174.468508097738948, -35.506086752441689 ], [ 174.468507701333493, -35.506086572011895 ], [ 174.468493715318772, -35.506080082209053 ], [ 174.468493322599159, -35.506079896468343 ], [ 174.468481676255124, -35.506074283106642 ], [ 174.468466803524393, -35.506069881848141 ], [ 174.468449638233551, -35.506065067668715 ], [ 174.468432376314212, -35.506060490330832 ], [ 174.468415022651016, -35.506056151129691 ], [ 174.468397582159099, -35.506052051294333 ], [ 174.468380059775711, -35.506048191985379 ], [ 174.468362460460611, -35.506044574295217 ], [ 174.468344789198056, -35.506041199248401 ], [ 174.468327050988648, -35.506038067800013 ], [ 174.468309250856493, -35.506035180836989 ], [ 174.468291393839877, -35.506032539176502 ], [ 174.468273484995336, -35.506030143566548 ], [ 174.468255529391598, -35.506027994685198 ], [ 174.46823753211325, -35.506026093140946 ], [ 174.46821926781368, -35.50602441834107 ], [ 174.468214400248343, -35.506023603506051 ], [ 174.468204514782258, -35.506021172056165 ], [ 174.468204062676762, -35.506021057384444 ], [ 174.46819422973681, -35.506018487471373 ], [ 174.468193780106475, -35.506018366467636 ], [ 174.468184002593091, -35.506015658849471 ], [ 174.468183555570533, -35.506015531549401 ], [ 174.468173836367811, -35.506012687024779 ], [ 174.468173392084907, -35.506012553465965 ], [ 174.468163734059686, -35.506009572873936 ], [ 174.468163292647432, -35.506009433095727 ], [ 174.468153698648536, -35.506006317315482 ], [ 174.468153260237187, -35.50600617135914 ], [ 174.468143733094536, -35.506002921309729 ], [ 174.468143297813413, -35.506002769218298 ], [ 174.468133840337259, -35.505999385858395 ], [ 174.468133408314714, -35.505999227676732 ], [ 174.468124023294678, -35.505995712004314 ], [ 174.468123594658181, -35.505995547779087 ], [ 174.468114284862565, -35.505991900831184 ], [ 174.468113859738537, -35.505991730610816 ], [ 174.468104627913448, -35.505987953463169 ], [ 174.468104206427256, -35.505987777297882 ], [ 174.468095055295777, -35.505983871064608 ], [ 174.468094637571824, -35.505983689006378 ], [ 174.468085569833249, -35.505979654839713 ], [ 174.468085155994686, -35.505979466942229 ], [ 174.468076174323727, -35.505975306032134 ], [ 174.468075764492596, -35.505975112350797 ], [ 174.468066871538554, -35.505970825924607 ], [ 174.468066465835847, -35.505970626516593 ], [ 174.468057664221845, -35.505966215838676 ], [ 174.468057262767104, -35.505966010762755 ], [ 174.468048555089354, -35.505961477134115 ], [ 174.468048158001096, -35.505961266450825 ], [ 174.468039546828066, -35.505956611208745 ], [ 174.468039154223391, -35.505956394980196 ], [ 174.468030642095101, -35.505951619497829 ], [ 174.468030254089797, -35.505951397787825 ], [ 174.46802184351705, -35.505946503473808 ], [ 174.468021460225572, -35.505946276347736 ], [ 174.468013153689213, -35.505941264645706 ], [ 174.468012775224622, -35.505941032170561 ], [ 174.468004575174774, -35.505935904558832 ], [ 174.468004201648739, -35.505935666803197 ], [ 174.467996110504174, -35.505930424794286 ], [ 174.467995742026801, -35.505930181828262 ], [ 174.467987762174118, -35.505924826968354 ], [ 174.467987398854177, -35.505924578863635 ], [ 174.467979532647149, -35.505919112732258 ], [ 174.467979174591761, -35.50591885956203 ], [ 174.467971424350679, -35.50591328377152 ], [ 174.46797107166546, -35.505913025610447 ], [ 174.467963439676396, -35.505907341805504 ], [ 174.467963092465368, -35.505907078729749 ], [ 174.467955580979435, -35.505901288586898 ], [ 174.467955239345059, -35.505901020674052 ], [ 174.467947850577929, -35.505895125901226 ], [ 174.467946771649878, -35.505894215302817 ], [ 174.467941564408648, -35.505889565602466 ], [ 174.467936423345066, -35.505885130927744 ], [ 174.467931189577087, -35.505880769361781 ], [ 174.467925864658469, -35.505876482199447 ], [ 174.467920450171391, -35.505872270714555 ], [ 174.467914947724097, -35.505868136157986 ], [ 174.467909358951175, -35.505864079757984 ], [ 174.467903685513249, -35.505860102719829 ], [ 174.467897929094022, -35.505856206223797 ], [ 174.467892091405105, -35.505852391428441 ], [ 174.467886174179711, -35.505848659466416 ], [ 174.467880179175694, -35.505845011446304 ], [ 174.467874108173703, -35.505841448451697 ], [ 174.467867962977095, -35.505837971540977 ], [ 174.46786174541171, -35.505834581747152 ], [ 174.467855457323736, -35.505831280076748 ], [ 174.467849100581816, -35.505828067510919 ], [ 174.467842677073094, -35.505824945003425 ], [ 174.467836188706826, -35.50582191348235 ], [ 174.467829637409892, -35.505818973847958 ], [ 174.467823025127643, -35.505816126973158 ], [ 174.467816353824901, -35.505813373703887 ], [ 174.467809625483113, -35.505810714857901 ], [ 174.467802842101776, -35.505808151225331 ], [ 174.46779600569397, -35.505805683566976 ], [ 174.467788899380906, -35.505803237257474 ], [ 174.46778593347193, -35.505802040183504 ], [ 174.467782155270953, -35.505800277243225 ], [ 174.467781740419724, -35.505800079734314 ], [ 174.467778000342292, -35.505798263254142 ], [ 174.467777589761027, -35.505798059867132 ], [ 174.467773888941679, -35.505796190398101 ], [ 174.467773482754694, -35.505795981194588 ], [ 174.4677698223162, -35.505794059303845 ], [ 174.46776942064696, -35.505793844347416 ], [ 174.467765801699699, -35.505791870617998 ], [ 174.467765404669848, -35.505791649973752 ], [ 174.467761828311751, -35.505789625004425 ], [ 174.467761436041798, -35.505789398739331 ], [ 174.46775790335775, -35.505787323144382 ], [ 174.467757515966753, -35.505787091327122 ], [ 174.467754028028452, -35.505784965736225 ], [ 174.467753645633906, -35.505784728437099 ], [ 174.467750203499492, -35.505782553495081 ], [ 174.467749826217386, -35.505782310786067 ], [ 174.467746430931072, -35.50578008715275 ], [ 174.467746058875804, -35.505779839107433 ], [ 174.467742711467594, -35.505777567457393 ], [ 174.467742344752168, -35.505777314151103 ], [ 174.46773904623754, -35.505774995173439 ], [ 174.467738684973085, -35.505774736682987 ], [ 174.467735436352712, -35.505772371081235 ], [ 174.467735080648879, -35.505772107485029 ], [ 174.467731882908225, -35.505769695976817 ], [ 174.467731532872932, -35.505769427354828 ], [ 174.467728386982088, -35.505766970671736 ], [ 174.46772804272149, -35.505766697105464 ], [ 174.467724949634885, -35.505764195992747 ], [ 174.467724611253402, -35.505763917565169 ], [ 174.467721571909266, -35.505761372781564 ], [ 174.467721239509586, -35.505761089577163 ], [ 174.467718254829975, -35.50575850189469 ], [ 174.46771792851294, -35.50575821399935 ], [ 174.467714999403313, -35.505755584203015 ], [ 174.467714679267942, -35.505755291704148 ], [ 174.467711806616876, -35.505752620591743 ], [ 174.467711492760174, -35.505752323577987 ], [ 174.467708677439134, -35.505749611959828 ], [ 174.467708369956426, -35.50574931052136 ], [ 174.467705612819486, -35.505746559220086 ], [ 174.467705311803996, -35.50574625344828 ], [ 174.467702613687521, -35.505743463298508 ], [ 174.46770231923054, -35.505743153286176 ], [ 174.467699680953103, -35.505740325134333 ], [ 174.467699393144045, -35.505740010975536 ], [ 174.467696815505946, -35.505737145679618 ], [ 174.467696534432065, -35.505736827469612 ], [ 174.467694018215269, -35.505733925898831 ], [ 174.46769374396186, -35.505733603734186 ], [ 174.467691289929689, -35.505730666768756 ], [ 174.467691022579913, -35.505730340747192 ], [ 174.467688631476875, -35.505727369278127 ], [ 174.467688371111848, -35.505727039498531 ], [ 174.467686043663264, -35.505724034427239 ], [ 174.467685790361998, -35.505723700989698 ], [ 174.46768352727392, -35.505720663227827 ], [ 174.467683281113239, -35.505720326233444 ], [ 174.467681083072222, -35.505717256702532 ], [ 174.467680844126789, -35.505716916253583 ], [ 174.467678711799664, -35.505713815884846 ], [ 174.467678480141984, -35.505713472084558 ], [ 174.467676414175543, -35.505710341818514 ], [ 174.467676189875903, -35.505709994771252 ], [ 174.467674190896929, -35.505706835557511 ], [ 174.467673974023313, -35.505706485368478 ], [ 174.467672042638213, -35.505703298165443 ], [ 174.467671833256475, -35.505702944940957 ], [ 174.467669970051134, -35.505699730715499 ], [ 174.467669768224766, -35.505699374562667 ], [ 174.467667973764435, -35.505696134289884 ], [ 174.46766777955466, -35.505695775316774 ], [ 174.467666054383699, -35.505692509979639 ], [ 174.467665867849433, -35.505692148295104 ], [ 174.467664212491172, -35.505688858884213 ], [ 174.467664033689005, -35.505688494598047 ], [ 174.467662448645626, -35.505685182111272 ], [ 174.467662277629813, -35.505684815333936 ], [ 174.467660763382128, -35.50568148077619 ], [ 174.467660600204539, -35.505681111618955 ], [ 174.467659157211898, -35.505677756001816 ], [ 174.467659001922073, -35.505677384576678 ], [ 174.467657630622256, -35.505674008918113 ], [ 174.467657483267232, -35.505673635337764 ], [ 174.467656184076247, -35.505670240661843 ], [ 174.467656044700703, -35.505669865039572 ], [ 174.467654818012647, -35.505666452376104 ], [ 174.46765468665896, -35.505666074825932 ], [ 174.467653532845929, -35.505662645210215 ], [ 174.467653409553918, -35.505662265846588 ], [ 174.467652328965926, -35.505658820319027 ], [ 174.467652213772965, -35.505658439257104 ], [ 174.467651206737884, -35.505654978862943 ], [ 174.467651099678903, -35.505654596218299 ], [ 174.467650166502182, -35.505651122007322 ], [ 174.467650067609668, -35.505650737896005 ], [ 174.467649208574358, -35.505647250922145 ], [ 174.467649117878352, -35.505646865460726 ], [ 174.467648333245052, -35.505643366781818 ], [ 174.467648250773067, -35.505642980087231 ], [ 174.467647540779808, -35.505639470764628 ], [ 174.467647466556798, -35.505639082954161 ], [ 174.467646831418989, -35.505635564052483 ], [ 174.467646765467521, -35.505635175243782 ], [ 174.467646205377775, -35.505631647830533 ], [ 174.467646147717829, -35.505631258141563 ], [ 174.467645662846053, -35.505627723286807 ], [ 174.467645613495137, -35.505627332835779 ], [ 174.46764520398844, -35.505623791611903 ], [ 174.467645162961531, -35.505623400517287 ], [ 174.467644936265685, -35.505620993513752 ], [ 174.467641513159947, -35.505605452546313 ], [ 174.467641436011007, -35.505605084870155 ], [ 174.467638103018658, -35.505588371710274 ], [ 174.467638033323055, -35.505588003040302 ], [ 174.467635039107478, -35.505571247058775 ], [ 174.467634976884312, -35.505570877496012 ], [ 174.4676323222657, -35.505554083283982 ], [ 174.467632267532025, -35.50555371292964 ], [ 174.46762995323752, -35.505536885088738 ], [ 174.467629906008341, -35.505536514044337 ], [ 174.46762793267186, -35.505519657185332 ], [ 174.467627892960053, -35.505519285552531 ], [ 174.467626261122092, -35.505502404294198 ], [ 174.46762622893857, -35.505502032174824 ], [ 174.467624939045976, -35.505485131142621 ], [ 174.467624914399579, -35.50548475863863 ], [ 174.467623966805604, -35.505467842463403 ], [ 174.467623951581373, -35.505466102218641 ], [ 174.467624018307049, -35.505464368826864 ], [ 174.467624045001088, -35.505462829531773 ], [ 174.467624039150564, -35.505461290089514 ], [ 174.46762400075724, -35.505459750959659 ], [ 174.467623929832541, -35.505458212602882 ], [ 174.46762382639767, -35.505456675478008 ], [ 174.467623690483578, -35.505455140045072 ], [ 174.46762352213085, -35.505453606762693 ], [ 174.467623321389823, -35.505452076088908 ], [ 174.467623088320437, -35.505450548481356 ], [ 174.467622822992382, -35.505449024396349 ], [ 174.467622525484927, -35.505447504289229 ], [ 174.46762219588706, -35.505445988614802 ], [ 174.467621834297148, -35.505444477825392 ], [ 174.467621440823279, -35.505442972372578 ], [ 174.467621015583148, -35.505441472706693 ], [ 174.467620558703601, -35.505439979275046 ], [ 174.467620070321431, -35.50543849252481 ], [ 174.467619550582441, -35.505437012899705 ], [ 174.467618999641928, -35.505435540842015 ], [ 174.467618417664625, -35.505434076791708 ], [ 174.467617804824357, -35.50543262118623 ], [ 174.467617161304247, -35.505431174460412 ], [ 174.467616487296766, -35.505429737047024 ], [ 174.467615783003168, -35.505428309375219 ], [ 174.467615048633888, -35.505426891871601 ], [ 174.467614284408484, -35.505425484959893 ], [ 174.467613490555294, -35.50542408906054 ], [ 174.467612667311641, -35.505422704590877 ], [ 174.467611814923202, -35.505421331963895 ], [ 174.467610933645318, -35.505419971590889 ], [ 174.467610023740633, -35.505418623877276 ], [ 174.467609085481399, -35.505417289226358 ], [ 174.467608119148196, -35.505415968037134 ], [ 174.467607125029247, -35.505414660703742 ], [ 174.467606103422298, -35.505413367617741 ], [ 174.467605054632003, -35.505412089164672 ], [ 174.467603978972306, -35.505410825727274 ], [ 174.467602876764261, -35.50540957768267 ], [ 174.467601748337358, -35.505408345403893 ], [ 174.467600594028937, -35.50540712925936 ], [ 174.467599414183894, -35.505405929612451 ], [ 174.467598209154374, -35.505404746821178 ], [ 174.467596979301248, -35.505403581239783 ], [ 174.467595724991412, -35.50540243321597 ], [ 174.467594446599833, -35.505401303092974 ], [ 174.467593144508697, -35.505400191208601 ], [ 174.467591819107298, -35.5053990978953 ], [ 174.46759047079064, -35.505398023478897 ], [ 174.46758909996322, -35.505396968281744 ], [ 174.467587707033687, -35.50539593261837 ], [ 174.46758629241819, -35.505394916798195 ], [ 174.467584856539872, -35.505393921125069 ], [ 174.467583399827731, -35.505392945896475 ], [ 174.467581922717045, -35.505391991403819 ], [ 174.467580425649203, -35.505391057932329 ], [ 174.467578909071705, -35.505390145761041 ], [ 174.467577373437223, -35.505389255162186 ], [ 174.467575819205678, -35.505388386402515 ], [ 174.467574246840314, -35.505387539740973 ], [ 174.467572656811512, -35.505386715430873 ], [ 174.467571049594966, -35.505385913718769 ], [ 174.467569425670177, -35.505385134843856 ], [ 174.467567785522732, -35.50538437903905 ], [ 174.46756612964316, -35.505383646530404 ], [ 174.46756445852489, -35.50538293753619 ], [ 174.467562772669112, -35.505382252269023 ], [ 174.467561072578548, -35.505381590933283 ], [ 174.467559358761264, -35.505380953726544 ], [ 174.46755763172996, -35.505380340839508 ], [ 174.467555892, -35.505379752455028 ], [ 174.467554140091636, -35.505379188749039 ], [ 174.467552376528602, -35.505378649890112 ], [ 174.467550601837615, -35.505378136039127 ], [ 174.467548816548486, -35.505377647349555 ], [ 174.467547021196026, -35.505377183967731 ], [ 174.467545216315841, -35.505376746031914 ], [ 174.467543402447092, -35.505376333672949 ], [ 174.467541580132604, -35.505375947014194 ], [ 174.467539749915943, -35.505375586171027 ], [ 174.467537912345051, -35.505375251251458 ], [ 174.46753606796787, -35.505374942355367 ], [ 174.467534217337487, -35.505374659575367 ], [ 174.467532361004146, -35.505374402995542 ], [ 174.467530499525452, -35.505374172692981 ], [ 174.467528633455856, -35.505373968736272 ], [ 174.467526763352936, -35.505373791186351 ], [ 174.467524889776968, -35.505373640096387 ], [ 174.467523013286154, -35.505373515511444 ], [ 174.467521134442052, -35.505373417468782 ], [ 174.467519253806245, -35.505373345997718 ], [ 174.467517371941312, -35.505373301119612 ], [ 174.467515489407674, -35.505373282847835 ], [ 174.467513606769273, -35.505373291187865 ], [ 174.467511724588832, -35.505373326137196 ], [ 174.467509843428957, -35.505373387685417 ], [ 174.467507963849783, -35.505373475814153 ], [ 174.467506086415938, -35.505373590496966 ], [ 174.46750421168602, -35.505373731699706 ], [ 174.467502340221046, -35.505373899380167 ], [ 174.467500472581946, -35.505374093488037 ], [ 174.467498609323684, -35.505374313965653 ], [ 174.467497467622252, -35.505374465581475 ], [ 174.467488953204509, -35.505376102650729 ], [ 174.467479760660467, -35.505378002573522 ], [ 174.467470608032755, -35.505380027255022 ], [ 174.467461497855197, -35.50538217613466 ], [ 174.467452432646581, -35.505384448618337 ], [ 174.467443414915266, -35.505386844077243 ], [ 174.467434447156393, -35.505389361848593 ], [ 174.467425531850864, -35.50539200123584 ], [ 174.467416671464406, -35.505394761508988 ], [ 174.467407868449186, -35.505397641904139 ], [ 174.467399125240405, -35.505400641624519 ], [ 174.467390444257319, -35.505403759840036 ], [ 174.467381827900226, -35.505406995688567 ], [ 174.467373278554533, -35.505410348274239 ], [ 174.467364798584669, -35.505413816669865 ], [ 174.467356390336505, -35.505417399915984 ], [ 174.467348056136558, -35.50542109702112 ], [ 174.467339798290766, -35.505424906962354 ], [ 174.467331619083353, -35.505428828685787 ], [ 174.467327685320981, -35.505430787439323 ], [ 174.467327887988802, -35.505435376067197 ], [ 174.467328323322761, -35.505442020313829 ], [ 174.467328900170003, -35.505448657349547 ], [ 174.467329618355421, -35.505455285159051 ], [ 174.467330477660965, -35.505461901730065 ], [ 174.467331477825752, -35.505468505053614 ], [ 174.467332618546266, -35.505475093125042 ], [ 174.467333899476046, -35.505481663943776 ], [ 174.467335320226368, -35.505488215515193 ], [ 174.467336880365735, -35.505494745849631 ], [ 174.467338579420641, -35.505501252964841 ], [ 174.467340416875203, -35.505507734884894 ], [ 174.467342392171588, -35.505514189641957 ], [ 174.467344504710013, -35.505520615275884 ], [ 174.467346753849228, -35.505527009836243 ], [ 174.467349138906314, -35.505533371381226 ], [ 174.467351659157146, -35.505539697979323 ], [ 174.467354313836609, -35.505545987709787 ], [ 174.467357102138749, -35.505552238663043 ], [ 174.467360023216912, -35.505558448940867 ], [ 174.46736307618437, -35.505564616658127 ], [ 174.467366260114062, -35.505570739941739 ], [ 174.467369574039566, -35.50557681693315 ], [ 174.467373016954411, -35.50558284578652 ], [ 174.467376587813533, -35.50558882467196 ], [ 174.467380394653446, -35.505594926684445 ], [ 174.467380636811384, -35.505595324481291 ], [ 174.467402632574903, -35.505632368277681 ], [ 174.467425275888587, -35.505668940118802 ], [ 174.467448660689143, -35.505705198638168 ], [ 174.467472780495569, -35.505741133785271 ], [ 174.467497628623022, -35.505776735599198 ], [ 174.467523198184182, -35.505811994210688 ], [ 174.467549482092352, -35.505846899846425 ], [ 174.467576051511486, -35.50588090333072 ], [ 174.467600103008067, -35.505907208844754 ], [ 174.467625183852476, -35.505933667613746 ], [ 174.467650823802046, -35.505959765619039 ], [ 174.467677015096996, -35.505985494961763 ], [ 174.467703749811307, -35.506010847855201 ], [ 174.467703841413027, -35.506010931726848 ], [ 174.46770527227352, -35.506011894419089 ], [ 174.467710992001571, -35.506017171110244 ], [ 174.467711312510687, -35.506017772353694 ], [ 174.46773101985471, -35.506035816626799 ], [ 174.467758816974595, -35.506060393719906 ], [ 174.46778713275873, -35.506084571696377 ], [ 174.467815958638056, -35.506108343238999 ], [ 174.467845457627078, -35.506131837935484 ], [ 174.467845748518442, -35.506132073082796 ], [ 174.467855981405052, -35.506140468704686 ], [ 174.467856314105404, -35.506140746420243 ], [ 174.467866368363644, -35.506149285123229 ], [ 174.467866695156061, -35.506149567490034 ], [ 174.46787656779415, -35.506158246733342 ], [ 174.467876888581429, -35.50615853366741 ], [ 174.467886576661584, -35.506167350868473 ], [ 174.467886891348229, -35.506167642284403 ], [ 174.467896391987665, -35.506176594819578 ], [ 174.467896700480054, -35.506176890630677 ], [ 174.467906010851721, -35.506185975836061 ], [ 174.467906313058052, -35.506186275954292 ], [ 174.467915430391486, -35.506195491126533 ], [ 174.467915726221833, -35.506195795462567 ], [ 174.46792464780404, -35.506205137859581 ], [ 174.46792493717038, -35.506205446322916 ], [ 174.467933660346574, -35.506214913164804 ], [ 174.467933943162791, -35.506215225663603 ], [ 174.467942465337217, -35.506224814133404 ], [ 174.467942741519209, -35.506225130574727 ], [ 174.467951060156025, -35.506234837819328 ], [ 174.467951329621513, -35.506235158108979 ], [ 174.467959442245302, -35.506244981239881 ], [ 174.467959704914193, -35.50624530528259 ], [ 174.4679676091109, -35.506255241376849 ], [ 174.467967864904978, -35.506255569076146 ], [ 174.467975558322593, -35.506265615177192 ], [ 174.467975807165743, -35.50626594643559 ], [ 174.467983287514897, -35.506276099554093 ], [ 174.467983529333111, -35.50627643427304 ], [ 174.467990794387873, -35.506286691387842 ], [ 174.467991029109157, -35.506287029467714 ], [ 174.467998076707687, -35.506297387526729 ], [ 174.467998304262238, -35.506297728866933 ], [ 174.468005132307354, -35.506308184788018 ], [ 174.468005352627358, -35.50630852928699 ], [ 174.468011959087249, -35.506319079958878 ], [ 174.468012172107223, -35.5063194275141 ], [ 174.468018555015959, -35.506330069797315 ], [ 174.468018760672521, -35.506330420305389 ], [ 174.468024918130709, -35.506341151033247 ], [ 174.468025116362611, -35.506341504389859 ], [ 174.468031046537959, -35.506352320369288 ], [ 174.468031237286283, -35.506352676469305 ], [ 174.468036938414087, -35.506363574481938 ], [ 174.468037121622018, -35.506363933219383 ], [ 174.468042592005759, -35.506374910022359 ], [ 174.468042767618812, -35.506375271290494 ], [ 174.468048005630664, -35.506386323617605 ], [ 174.468048173596515, -35.506386687308925 ], [ 174.468053177677717, -35.506397811871395 ], [ 174.468053337946458, -35.506398177877699 ], [ 174.468058106607913, -35.506409371365287 ], [ 174.468058259131794, -35.506409739577649 ], [ 174.468062651001389, -35.506420650953515 ], [ 174.468070069535997, -35.50643724637456 ], [ 174.468077909309812, -35.50645389841133 ], [ 174.468086094985409, -35.506470438789094 ], [ 174.468094624185511, -35.506486862703774 ], [ 174.468103494433223, -35.506503165385382 ], [ 174.468112703152912, -35.50651934209985 ], [ 174.46812224767001, -35.506535388148485 ], [ 174.468132125213145, -35.506551298871749 ], [ 174.468142332913601, -35.506567069648398 ], [ 174.468152867806964, -35.506582695898196 ], [ 174.468163726834376, -35.506598173083681 ], [ 174.468174906841597, -35.506613496708944 ], [ 174.468186404582497, -35.506628662324474 ], [ 174.46819821671761, -35.506643665525289 ], [ 174.468209211015761, -35.506657120511143 ], [ 174.468221605912589, -35.506667931576978 ], [ 174.468235635852551, -35.506679773658988 ], [ 174.468249901266518, -35.506691426132029 ], [ 174.468264398322958, -35.506702885866332 ], [ 174.468279123127758, -35.506714149783534 ], [ 174.468294071725126, -35.506725214857561 ], [ 174.468309240099273, -35.50673607811585 ], [ 174.468324624176745, -35.506746736641013 ], [ 174.468340219823745, -35.506757187568951 ], [ 174.468356022851708, -35.506767428092814 ], [ 174.468372029015285, -35.506777455461538 ], [ 174.46838823401535, -35.506787266981782 ], [ 174.468404633497613, -35.506796860017197 ], [ 174.468421228900922, -35.506806235292338 ], [ 174.468438083087761, -35.506815437036899 ], [ 174.468438460395532, -35.50681564674489 ], [ 174.468455305915597, -35.506825177117932 ], [ 174.468455678926773, -35.50682539190376 ], [ 174.468472329223317, -35.506835148961073 ], [ 174.468472697835608, -35.506835368765849 ], [ 174.46848914834672, -35.506845349834173 ], [ 174.468489512459172, -35.506845574597712 ], [ 174.468505758677679, -35.50685577694243 ], [ 174.468506118190561, -35.506856006603122 ], [ 174.468522155665198, -35.506866427429017 ], [ 174.46852251048, -35.506866661923951 ], [ 174.46853833481677, -35.506877298375898 ], [ 174.468538684836233, -35.506877537640825 ], [ 174.46855429169949, -35.506888386804654 ], [ 174.468554636827747, -35.506888630774014 ], [ 174.468570021941446, -35.506899689677255 ], [ 174.468570362083938, -35.506899938284214 ], [ 174.46858552123274, -35.506911203896934 ], [ 174.468585856296244, -35.506911457073386 ], [ 174.468600785326771, -35.506922926309016 ], [ 174.468601115219514, -35.50692318398557 ], [ 174.468615810041371, -35.506934853701779 ], [ 174.46861613467297, -35.506935115807863 ], [ 174.468630591259966, -35.506946982807357 ], [ 174.468630910541435, -35.506947249271136 ], [ 174.468645124932635, -35.506959310302548 ], [ 174.468645438776548, -35.506959581051056 ], [ 174.468659407077354, -35.506971832809931 ], [ 174.468659715397678, -35.506972107768938 ], [ 174.468673433780936, -35.506984546898508 ], [ 174.468673736493258, -35.50698482599271 ], [ 174.468687201200282, -35.506997449084885 ], [ 174.468687579784444, -35.506997811677508 ], [ 174.468696164324342, -35.507006211933827 ], [ 174.468696468537047, -35.507006514933416 ], [ 174.468704873083595, -35.507015036015837 ], [ 174.468705170804668, -35.507015343296374 ], [ 174.468713392814692, -35.507023982626592 ], [ 174.468713683954149, -35.507024294095096 ], [ 174.468721720939783, -35.507033049059025 ], [ 174.468722005409433, -35.507033364621229 ], [ 174.468729854938829, -35.507042232569766 ], [ 174.46873013265261, -35.50704255213023 ], [ 174.468737792350566, -35.507051530380139 ], [ 174.468738063224464, -35.507051853842128 ], [ 174.468745530773248, -35.507060939676762 ], [ 174.468745794725351, -35.507061266942436 ], [ 174.468753067865322, -35.507070457612599 ], [ 174.46875332481568, -35.507070788582908 ], [ 174.468760401346088, -35.507080081307663 ], [ 174.468760651217025, -35.507080415882498 ], [ 174.468767528996608, -35.507089807850072 ], [ 174.468767771712436, -35.50709014592816 ], [ 174.468774448660042, -35.507099634296722 ], [ 174.46877468414732, -35.50709997577578 ], [ 174.468781158242535, -35.507109557674312 ], [ 174.468781386430067, -35.507109902451035 ], [ 174.468787655713896, -35.507119574980258 ], [ 174.468787876532588, -35.507119922950302 ], [ 174.468793939107968, -35.507129683183507 ], [ 174.468794152491057, -35.50713003424157 ], [ 174.468800006523509, -35.507139879225456 ], [ 174.468800212406364, -35.507140233265353 ], [ 174.468805856124504, -35.507150160021041 ], [ 174.468806054444855, -35.507150516935603 ], [ 174.468811486140879, -35.507160522459436 ], [ 174.468811676838726, -35.507160882140695 ], [ 174.468816894869065, -35.507170963405187 ], [ 174.468817077886655, -35.507171325744324 ], [ 174.468822080672339, -35.507181479699064 ], [ 174.468822255954336, -35.507181844586398 ], [ 174.468827041981513, -35.507192068159007 ], [ 174.46882720947491, -35.507192435484164 ], [ 174.468831777295321, -35.507202725581159 ], [ 174.468831936949357, -35.507203095232974 ], [ 174.468836285180799, -35.507213448740764 ], [ 174.468836436947214, -35.507213820607397 ], [ 174.468840564273904, -35.507224234393192 ], [ 174.46884070810674, -35.507224608362115 ], [ 174.468844613279771, -35.507235079274913 ], [ 174.468844749135513, -35.50723545523298 ], [ 174.468848430973082, -35.507245980104443 ], [ 174.468848558810606, -35.507246357937895 ], [ 174.468852016198639, -35.507256933583378 ], [ 174.46885213597929, -35.507257313177881 ], [ 174.468855328921279, -35.507267808368105 ], [ 174.468873815326987, -35.507325672581885 ], [ 174.46887391739557, -35.507326002215279 ], [ 174.468891372449917, -35.507384216037359 ], [ 174.468891468424687, -35.507384546892403 ], [ 174.468907847371213, -35.507442969423451 ], [ 174.468907937230369, -35.507443301424843 ], [ 174.468923236338213, -35.507501919365595 ], [ 174.468923320061265, -35.507502252437746 ], [ 174.468937526354779, -35.507561013188933 ], [ 174.468941668883559, -35.507577833514745 ], [ 174.468941758064744, -35.507578212352556 ], [ 174.468945556699595, -35.507595127553174 ], [ 174.46894563793694, -35.507595507583723 ], [ 174.468949081903304, -35.507612473474147 ], [ 174.468949155172993, -35.507612854586057 ], [ 174.468952243461445, -35.507629866194662 ], [ 174.468952308741962, -35.507630248276286 ], [ 174.468955040447327, -35.507647300618075 ], [ 174.468955097719572, -35.507647683557394 ], [ 174.468957472041097, -35.507664771635454 ], [ 174.468957521288274, -35.507665155320282 ], [ 174.468959537529969, -35.507682274127149 ], [ 174.468959578737639, -35.507682658445077 ], [ 174.468961236308445, -35.507699802964332 ], [ 174.468961269464529, -35.507700187802719 ], [ 174.468962567878492, -35.507717353010413 ], [ 174.46896259297327, -35.507717738256474 ], [ 174.468963531849681, -35.507734919122576 ], [ 174.46896354887582, -35.507735304663441 ], [ 174.468964127939273, -35.507752496153309 ], [ 174.468964136891714, -35.507752881875994 ], [ 174.468964355972361, -35.507770078951893 ], [ 174.468964356848517, -35.507770464743381 ], [ 174.468964215881869, -35.507787662365949 ], [ 174.468964208681484, -35.507788048113149 ], [ 174.46896370770861, -35.507805241242835 ], [ 174.468963692433789, -35.507805626832749 ], [ 174.46896283160126, -35.507822810431314 ], [ 174.468962808256492, -35.507823195750923 ], [ 174.468961587816352, -35.507840364782943 ], [ 174.468961556408431, -35.50784074971935 ], [ 174.468959976718054, -35.507857899153649 ], [ 174.468959937256187, -35.50785828359404 ], [ 174.468957998778279, -35.50787540840517 ], [ 174.468957951274007, -35.507875792236902 ], [ 174.468955654576405, -35.507892887406662 ], [ 174.468955599043653, -35.507893270517258 ], [ 174.468952944799099, -35.507910331036086 ], [ 174.468952881254154, -35.507910713313272 ], [ 174.468950093384677, -35.507926472775445 ], [ 174.46894978449717, -35.507934706826127 ], [ 174.468949765752541, -35.507935096470298 ], [ 174.468949207938863, -35.507944597986587 ], [ 174.468949180952109, -35.507944987307233 ], [ 174.468948422168864, -35.507954479509657 ], [ 174.468948386948114, -35.507954868390257 ], [ 174.468947427422336, -35.507964348437021 ], [ 174.468947383978104, -35.507964736761103 ], [ 174.468946223997079, -35.507974201814058 ], [ 174.468946172342356, -35.507974589465405 ], [ 174.468944812253227, -35.507984036690907 ], [ 174.468944752403473, -35.507984423553452 ], [ 174.468943192613352, -35.50799385012315 ], [ 174.468943124586502, -35.507994236081075 ], [ 174.46894136556233, -35.508003639172848 ], [ 174.468941289378705, -35.508004024110591 ], [ 174.468939331646993, -35.508013400909313 ], [ 174.468939247329445, -35.508013784711636 ], [ 174.468937091476221, -35.508023132410074 ], [ 174.468936999049987, -35.508023514962083 ], [ 174.468934645720623, -35.508032830761692 ], [ 174.468934545213358, -35.508033211948863 ], [ 174.468931995112314, -35.508042493060657 ], [ 174.468931886554117, -35.508042872768847 ], [ 174.468929140444772, -35.508052116414248 ], [ 174.468929023868128, -35.5080524945298 ], [ 174.468926082572551, -35.508061697941422 ], [ 174.468925958012363, -35.508062074351102 ], [ 174.468922822411116, -35.508071234773588 ], [ 174.468922689904645, -35.508071609364755 ], [ 174.468919360936326, -35.508080724055645 ], [ 174.468919220523276, -35.508081096716118 ], [ 174.468915699184492, -35.50809016294663 ], [ 174.468915550906871, -35.50809053356484 ], [ 174.468911838251756, -35.508099548620706 ], [ 174.468911682153987, -35.508099917085723 ], [ 174.468907799343413, -35.508108832233361 ], [ 174.468909760342427, -35.508134977604747 ], [ 174.468912819390425, -35.50816694116412 ], [ 174.468916536415293, -35.508198858060339 ], [ 174.46892068499227, -35.508229077567485 ], [ 174.468921102607624, -35.508230288431925 ], [ 174.468922125865021, -35.508233069789604 ], [ 174.468923207949643, -35.508235836221424 ], [ 174.468924348536234, -35.508238586895772 ], [ 174.468925547281799, -35.508241320985483 ], [ 174.468926803825866, -35.508244037668462 ], [ 174.468928117790853, -35.508246736128214 ], [ 174.468929488781441, -35.508249415553017 ], [ 174.468930916385631, -35.50825207513757 ], [ 174.468932400173827, -35.508254714081566 ], [ 174.468933939700179, -35.508257331591942 ], [ 174.468935534501952, -35.50825992688214 ], [ 174.468937184099218, -35.508262499170996 ], [ 174.468938887996217, -35.508265047685505 ], [ 174.468940645680732, -35.508267571659516 ], [ 174.468942456624006, -35.508270070333687 ], [ 174.468944320281651, -35.508272542957002 ], [ 174.468946236093501, -35.508274988786205 ], [ 174.468948203483222, -35.508277407085487 ], [ 174.468950221859416, -35.508279797127926 ], [ 174.468952290615192, -35.508282158194831 ], [ 174.468954409128742, -35.508284489576582 ], [ 174.468956576762565, -35.508286790571567 ], [ 174.468958792865493, -35.508289060488622 ], [ 174.468961056770951, -35.508291298644878 ], [ 174.468963367798153, -35.508293504367394 ], [ 174.468965725251991, -35.508295676992631 ], [ 174.468968128424393, -35.508297815868133 ], [ 174.468970576592341, -35.508299920350339 ], [ 174.468973069019256, -35.508301989806064 ], [ 174.468975604956739, -35.508304023613924 ], [ 174.468978183641212, -35.508306021161538 ], [ 174.46898080429844, -35.508307981849143 ], [ 174.468983466139804, -35.508309905086712 ], [ 174.468986168364751, -35.508311790295842 ], [ 174.468988910160846, -35.508313636909733 ], [ 174.468991690704712, -35.508315444373835 ], [ 174.468994509159245, -35.508317212143986 ], [ 174.46899736467708, -35.508318939688685 ], [ 174.469000256399596, -35.50832062648854 ], [ 174.46900318345817, -35.508322272036828 ], [ 174.469006176389911, -35.508323892852665 ], [ 174.469008904295521, -35.508325323720378 ], [ 174.469011631218791, -35.508326700446673 ], [ 174.469014386738991, -35.508328038562638 ], [ 174.469017170039564, -35.508329337671746 ], [ 174.469019980293012, -35.508330597387769 ], [ 174.469022816666325, -35.508331817337307 ], [ 174.46902567831853, -35.508332997158611 ], [ 174.469028564398741, -35.508334136500928 ], [ 174.469031474052684, -35.508335235026969 ], [ 174.469034406415972, -35.508336292410412 ], [ 174.469037360617932, -35.508337308337282 ], [ 174.469040335783973, -35.508338282506841 ], [ 174.46904333102944, -35.508339214629402 ], [ 174.469046345466182, -35.508340104428591 ], [ 174.469049378200083, -35.508340951640449 ], [ 174.469052428331452, -35.508341756013671 ], [ 174.469055494954489, -35.508342517309387 ], [ 174.469058577159785, -35.50834323530183 ], [ 174.469061674032929, -35.508343909777949 ], [ 174.469064784655245, -35.508344540537742 ], [ 174.469067908102829, -35.508345127393753 ], [ 174.469071043449929, -35.508345670172147 ], [ 174.469074189766133, -35.508346168711824 ], [ 174.469077346116393, -35.5083466228646 ], [ 174.469080511567171, -35.508347032496175 ], [ 174.469083685176031, -35.508347397484592 ], [ 174.469086866003437, -35.50834771772179 ], [ 174.46909005310431, -35.508347993112636 ], [ 174.469093245535134, -35.50834822357556 ], [ 174.46909644234546, -35.508348409042 ], [ 174.469099642589498, -35.508348549457061 ], [ 174.469102845316655, -35.508348644779026 ], [ 174.469106049576425, -35.508348694979638 ], [ 174.469109254418413, -35.508348700043967 ], [ 174.469112458891487, -35.508348659970515 ], [ 174.469115662044601, -35.508348574771233 ], [ 174.469118862929093, -35.508348444471295 ], [ 174.469122060592497, -35.508348269109483 ], [ 174.469125254088169, -35.508348048737716 ], [ 174.469128678640175, -35.50834776376869 ], [ 174.469131592701643, -35.508347648186437 ], [ 174.469197389531672, -35.508347889176711 ], [ 174.469262981429097, -35.50834734253641 ], [ 174.469328556458919, -35.508346009123763 ], [ 174.469394302528059, -35.50834388269174 ], [ 174.469394929070177, -35.508343868259217 ], [ 174.469572632973637, -35.508341427723472 ], [ 174.469750042086076, -35.508336639793235 ], [ 174.469927556003228, -35.508329493684499 ], [ 174.469928390900293, -35.508329470437722 ], [ 174.470058822877604, -35.50832745607336 ], [ 174.470258258999195, -35.508314610126369 ], [ 174.470259056946134, -35.508314568241666 ], [ 174.470392898094161, -35.50830913539825 ], [ 174.470457116027831, -35.508305567612936 ], [ 174.470622189910785, -35.50828670117243 ], [ 174.470787646757685, -35.50826566166446 ], [ 174.470952896809649, -35.5082425116005 ], [ 174.470956482686603, -35.508242204876737 ], [ 174.470963534787415, -35.508241981152565 ], [ 174.470970342486424, -35.508241668438323 ], [ 174.470977142530387, -35.508241259252479 ], [ 174.470983932874674, -35.508240753718027 ], [ 174.470990711477668, -35.508240151986968 ], [ 174.470997476302188, -35.508239454240147 ], [ 174.471004225312186, -35.508238660687589 ], [ 174.471010956479773, -35.508237771567707 ], [ 174.471017667780188, -35.508236787147965 ], [ 174.471024357197081, -35.508235707724133 ], [ 174.471031022717256, -35.508234533621057 ], [ 174.471037662337181, -35.508233265191635 ], [ 174.471044274061256, -35.50823190281713 ], [ 174.471050855900046, -35.508230446907454 ], [ 174.471057405875342, -35.508228897900239 ], [ 174.471063922018288, -35.508227256261023 ], [ 174.471070402367758, -35.50822552248394 ], [ 174.471076844977972, -35.508223697089555 ], [ 174.47108324790895, -35.508221780627544 ], [ 174.471089609237509, -35.508219773673503 ], [ 174.471095927049959, -35.508217676831208 ], [ 174.471102199447273, -35.508215490730947 ], [ 174.471108424542876, -35.5082132160302 ], [ 174.471114600465171, -35.50821085341294 ], [ 174.471120725357196, -35.508208403589485 ], [ 174.471126797377877, -35.508205867296262 ], [ 174.471132814700752, -35.508203245296187 ], [ 174.471138775517119, -35.508200538377388 ], [ 174.471144678034506, -35.508197747353833 ], [ 174.471150520477437, -35.508194873065108 ], [ 174.47115630109019, -35.508191916374983 ], [ 174.471162018134549, -35.508188878172476 ], [ 174.471167867975083, -35.508185650062998 ], [ 174.471168468938941, -35.508185327678632 ], [ 174.471173621045324, -35.508182641765501 ], [ 174.471178516832225, -35.508179991000297 ], [ 174.471183355819846, -35.508177271397933 ], [ 174.471188136559533, -35.508174483772564 ], [ 174.471192857621986, -35.508171628957655 ], [ 174.471197517595073, -35.508168707807116 ], [ 174.471202115084679, -35.508165721194807 ], [ 174.471206648715196, -35.508162670014443 ], [ 174.471211117130878, -35.508159555178388 ], [ 174.471215518995479, -35.508156377618143 ], [ 174.471219852991055, -35.508153138285117 ], [ 174.471224117822203, -35.508149838147503 ], [ 174.471228312213071, -35.508146478192579 ], [ 174.471232434908472, -35.508143059425826 ], [ 174.471236484675529, -35.508139582869582 ], [ 174.471240460303136, -35.508136049563603 ], [ 174.471244360601133, -35.508132460565612 ], [ 174.471248184403777, -35.508128816948314 ], [ 174.471251930566467, -35.508125119802436 ], [ 174.471255597969702, -35.508121370232772 ], [ 174.47125918551518, -35.508117569362291 ], [ 174.471262692130807, -35.508113718326804 ], [ 174.471266116766742, -35.508109818279323 ], [ 174.471269458399377, -35.508105870385549 ], [ 174.471272716028608, -35.508101875827045 ], [ 174.471275888680026, -35.508097835798651 ], [ 174.471278975405028, -35.508093751508355 ], [ 174.471281975279936, -35.508089624178382 ], [ 174.471284887407279, -35.508085455043449 ], [ 174.471287710916357, -35.508081245350198 ], [ 174.471290444962136, -35.508076996358426 ], [ 174.471292126701485, -35.508074269319685 ], [ 174.471298384432458, -35.508057438124922 ], [ 174.471304875413495, -35.508038839995756 ], [ 174.471310975636499, -35.508020153639428 ], [ 174.471316683309908, -35.508001384544841 ], [ 174.471321996757467, -35.507982538225036 ], [ 174.471326914418768, -35.507963620215598 ], [ 174.471331434849731, -35.507944636073077 ], [ 174.471335556722806, -35.507925591373628 ], [ 174.4713392788276, -35.507906491711275 ], [ 174.471342600071125, -35.507887342695881 ], [ 174.471345519478149, -35.507868149952138 ], [ 174.471348036191472, -35.507848919117244 ], [ 174.471350149472158, -35.507829655839849 ], [ 174.471351858699762, -35.507810365777907 ], [ 174.471353176400527, -35.507790861763191 ], [ 174.471353329164486, -35.507789430666136 ], [ 174.471372835868976, -35.507655960348721 ], [ 174.471372881797009, -35.507655662901982 ], [ 174.471394558150905, -35.507522416570467 ], [ 174.471397018394526, -35.507515658575713 ], [ 174.471401912217004, -35.507509852983695 ], [ 174.471408760576651, -35.507505568085925 ], [ 174.471416893108483, -35.507503223317848 ], [ 174.471425513744094, -35.50750304820145 ], [ 174.471433778636367, -35.507505059878348 ], [ 174.471440878760518, -35.507509061431726 ], [ 174.471446119107299, -35.507514661161892 ], [ 174.471448986714819, -35.507521310928517 ], [ 174.47144920088121, -35.507528359806315 ], [ 174.471427548790473, -35.507661457546838 ], [ 174.471408168216072, -35.507794065465603 ], [ 174.471406885977615, -35.507813044774906 ], [ 174.471406855882208, -35.507813430232723 ], [ 174.47140511253258, -35.507833105541984 ], [ 174.47140507436265, -35.507833490521456 ], [ 174.471402918890448, -35.507853138511521 ], [ 174.471402872657308, -35.507853522899588 ], [ 174.471400305695312, -35.507873137799372 ], [ 174.471400251412462, -35.507873521483127 ], [ 174.471397273714359, -35.507893097531294 ], [ 174.471397211397772, -35.507893480398018 ], [ 174.471393823837872, -35.507913011844614 ], [ 174.471393753505851, -35.507913393781863 ], [ 174.471389957078856, -35.507932874890031 ], [ 174.471389878752035, -35.507933255785623 ], [ 174.47138567457273, -35.507952680833306 ], [ 174.471385588274103, -35.50795306057536 ], [ 174.471380977577127, -35.507972423856934 ], [ 174.471380883332046, -35.50797280233391 ], [ 174.471375867471266, -35.507992098161914 ], [ 174.471375765307414, -35.507992475262647 ], [ 174.471370345755901, -35.508011697969408 ], [ 174.47137023570329, -35.508012073583153 ], [ 174.471364414052545, -35.508031217522486 ], [ 174.471364296143463, -35.508031591538881 ], [ 174.471358074103193, -35.508050651087729 ], [ 174.471357948372287, -35.508051023396916 ], [ 174.471351327769781, -35.508069992957019 ], [ 174.47135119425397, -35.50807036344969 ], [ 174.471344177033558, -35.508089237449184 ], [ 174.471342416888348, -35.508092829480098 ], [ 174.471339558485397, -35.508097464552456 ], [ 174.471339340180549, -35.508097811060466 ], [ 174.471336384166904, -35.508102405017709 ], [ 174.471336158565578, -35.508102748386754 ], [ 174.471333105825551, -35.508107299854686 ], [ 174.47133287299522, -35.508107639982036 ], [ 174.471329724441887, -35.508112147599178 ], [ 174.471329484452212, -35.508112484383105 ], [ 174.471326241027413, -35.508116946801067 ], [ 174.471325993950188, -35.508117280140858 ], [ 174.471322656624096, -35.508121696024745 ], [ 174.471322402533247, -35.508122025820633 ], [ 174.471318972304175, -35.508126393849544 ], [ 174.4713187112757, -35.508126720002892 ], [ 174.471315189169729, -35.508131038870225 ], [ 174.471314921281646, -35.508131361283517 ], [ 174.471311308352313, -35.508135629697321 ], [ 174.471311033684827, -35.508135948274045 ], [ 174.471307331012923, -35.508140164957503 ], [ 174.471307049648175, -35.508140479602417 ], [ 174.471303258341209, -35.508144643294173 ], [ 174.471302970363354, -35.508144953913096 ], [ 174.471299091555494, -35.508149063367682 ], [ 174.471298797050622, -35.508149369867787 ], [ 174.471294831902043, -35.508153423855902 ], [ 174.471294530958374, -35.508153726145387 ], [ 174.471290480655227, -35.50815772345436 ], [ 174.471290173362689, -35.508158021442888 ], [ 174.471286039116535, -35.508161960876969 ], [ 174.471285725567071, -35.508162254475408 ], [ 174.471281508614567, -35.508166134856175 ], [ 174.471281188901997, -35.508166423976633 ], [ 174.471276890504583, -35.508170244143379 ], [ 174.471276564724519, -35.508170528699424 ], [ 174.471272186167965, -35.508174287509377 ], [ 174.471271854417836, -35.508174567415857 ], [ 174.4712673970119, -35.508178263744639 ], [ 174.471267059390982, -35.508178538917846 ], [ 174.471262524469068, -35.508182171659747 ], [ 174.471262181078288, -35.508182442017372 ], [ 174.47125756999688, -35.50818601008573 ], [ 174.471257220939009, -35.508186275546869 ], [ 174.471252535077411, -35.50818977787435 ], [ 174.471252180456901, -35.508190038359615 ], [ 174.471247421216816, -35.508193473898558 ], [ 174.471247061139678, -35.508193729330024 ], [ 174.471242229944778, -35.508197097052744 ], [ 174.471241864518731, -35.50819734735402 ], [ 174.471236962814146, -35.508200646253108 ], [ 174.471236592148529, -35.508200891349297 ], [ 174.471231621400534, -35.508204120437938 ], [ 174.471231245606219, -35.508204360255732 ], [ 174.471226207301697, -35.508207518568007 ], [ 174.471225826491121, -35.508207753035663 ], [ 174.471220722137218, -35.508210839626813 ], [ 174.47122033642421, -35.508211068674214 ], [ 174.471215167547825, -35.508214082620917 ], [ 174.471214777047805, -35.508214306179546 ], [ 174.471209545195052, -35.508217246580237 ], [ 174.47120915002489, -35.50821746458319 ], [ 174.471203856760809, -35.508220330558309 ], [ 174.471203457038683, -35.508220542940379 ], [ 174.471198406999463, -35.508223175644083 ], [ 174.471192656985068, -35.508226348667414 ], [ 174.471192258529157, -35.508226564459285 ], [ 174.471191538138129, -35.508226947296016 ], [ 174.471206125359828, -35.508227562587244 ], [ 174.471206496329472, -35.508227580285777 ], [ 174.471325451536927, -35.508233913621851 ], [ 174.471326645440826, -35.5082339985346 ], [ 174.471342986114962, -35.508235454009494 ], [ 174.471359136299952, -35.508236681995797 ], [ 174.471375308171503, -35.508237701444592 ], [ 174.471391497704957, -35.508238512102238 ], [ 174.471407700867275, -35.508239113766734 ], [ 174.47142413100741, -35.50823951155126 ], [ 174.471432604557322, -35.508240820211569 ], [ 174.471440168807192, -35.508244205859249 ], [ 174.471446083315925, -35.508249337083747 ], [ 174.471449769130203, -35.508255711605337 ], [ 174.471450865456404, -35.508262705441616 ], [ 174.471449264977849, -35.508269633987283 ], [ 174.47144512435986, -35.508275819027936 ], [ 174.471438848914659, -35.508280655128445 ], [ 174.471431052926505, -35.508283668897334 ], [ 174.471422499521481, -35.50828456532571 ], [ 174.471405851987413, -35.508284162278144 ], [ 174.471405417347228, -35.508284148947872 ], [ 174.471388779664437, -35.508283531148749 ], [ 174.471388345335583, -35.508283512212024 ], [ 174.471371721647444, -35.508282679815203 ], [ 174.471371287738151, -35.508282655276709 ], [ 174.471354682184455, -35.50828160848949 ], [ 174.471354248802754, -35.508281578355373 ], [ 174.471337665518774, -35.508280317438441 ], [ 174.471337232772612, -35.508280281716161 ], [ 174.471321271711588, -35.508278860053935 ], [ 174.471203099930875, -35.508272568429959 ], [ 174.471089615625999, -35.508267781599244 ], [ 174.471088225035743, -35.508268175597259 ], [ 174.471087772109342, -35.508268300339793 ], [ 174.471080837507003, -35.508270155649583 ], [ 174.471080382003407, -35.508270273951858 ], [ 174.471073409099773, -35.50827203066487 ], [ 174.47107295115589, -35.508272142491286 ], [ 174.47106594204763, -35.50827380007928 ], [ 174.471065481801247, -35.508273905396209 ], [ 174.471058438595804, -35.508275463360832 ], [ 174.471057976185193, -35.508275562136603 ], [ 174.471050901000353, -35.508277020009366 ], [ 174.471050436564667, -35.508277112214301 ], [ 174.471043331527738, -35.508278469556856 ], [ 174.471042865206556, -35.50827855516323 ], [ 174.471035732453885, -35.508279811567448 ], [ 174.471035264387496, -35.50827989054951 ], [ 174.471028106063756, -35.508281045637638 ], [ 174.471027636392733, -35.508281117971634 ], [ 174.471020454650329, -35.508282171396345 ], [ 174.471019983516072, -35.508282237060541 ], [ 174.471012780514343, -35.508283188505089 ], [ 174.471012308058448, -35.508283247479717 ], [ 174.471005085963213, -35.508284096658052 ], [ 174.471004612327619, -35.508284148925412 ], [ 174.470997373310411, -35.508284895582165 ], [ 174.470996898637765, -35.508284941126519 ], [ 174.470989644875203, -35.508285585037186 ], [ 174.470989169308041, -35.508285623844849 ], [ 174.47098190298118, -35.508286164815836 ], [ 174.470981426662576, -35.508286196875133 ], [ 174.470974149956248, -35.508286634743783 ], [ 174.470973673029391, -35.50828666004508 ], [ 174.470966388131558, -35.508286994679715 ], [ 174.470965910739835, -35.508287013215408 ], [ 174.470960425074225, -35.508287187245365 ], [ 174.470796746378909, -35.508310117177246 ], [ 174.470796327448454, -35.508310173153681 ], [ 174.470630451055086, -35.508331266013613 ], [ 174.470630031119782, -35.508331316707427 ], [ 174.470463777030801, -35.50835031803652 ], [ 174.470461830032576, -35.508350483172599 ], [ 174.470396384201223, -35.508354119177859 ], [ 174.470395882381837, -35.508354143300686 ], [ 174.470262189460186, -35.508359570129457 ], [ 174.470062331046847, -35.508372443278454 ], [ 174.470060687082935, -35.508372508859054 ], [ 174.469929849517428, -35.508374529489636 ], [ 174.469752529776088, -35.508381667783382 ], [ 174.469752083709494, -35.508381682780197 ], [ 174.469574228282966, -35.508386482757963 ], [ 174.469573781977772, -35.50838649184454 ], [ 174.469396168148961, -35.508388931145994 ], [ 174.469330533188639, -35.508391053985136 ], [ 174.46933012904293, -35.508391064629222 ], [ 174.469264149736034, -35.508392406263361 ], [ 174.469263745442845, -35.508392412058214 ], [ 174.469197749162646, -35.508392962069522 ], [ 174.469197344808975, -35.508392963013911 ], [ 174.469132806538994, -35.508392726634604 ], [ 174.469130599097809, -35.508392910323558 ], [ 174.469130126373102, -35.508392946299942 ], [ 174.469126459772269, -35.508393199319059 ], [ 174.469125986359813, -35.508393228632237 ], [ 174.469122314972935, -35.508393429973381 ], [ 174.469121841013248, -35.508393452614683 ], [ 174.469118165929643, -35.508393602218128 ], [ 174.469117691563241, -35.508393618180804 ], [ 174.469114013873309, -35.508393716002146 ], [ 174.469113539241164, -35.508393725281479 ], [ 174.469109860036184, -35.508393771291708 ], [ 174.469109385278841, -35.508393773884947 ], [ 174.469105705650435, -35.508393768070398 ], [ 174.469105230908895, -35.50839376397677 ], [ 174.469101551948881, -35.50839370633917 ], [ 174.469101077364115, -35.508393695559874 ], [ 174.46909740016406, -35.508393586116334 ], [ 174.469096925876698, -35.508393568654597 ], [ 174.469093251527681, -35.508393407437573 ], [ 174.469092777678497, -35.508393383298547 ], [ 174.469089107270747, -35.508393170355902 ], [ 174.469088634000485, -35.508393139546776 ], [ 174.469084968623008, -35.50839287494167 ], [ 174.469084496071844, -35.508392837471547 ], [ 174.469080836812253, -35.508392521282495 ], [ 174.469080365120561, -35.508392477162545 ], [ 174.469076713064595, -35.508392109483353 ], [ 174.469076242372296, -35.508392058726635 ], [ 174.46907259860356, -35.508391639666428 ], [ 174.469072129050289, -35.508391582287999 ], [ 174.469068494649889, -35.508391111971086 ], [ 174.469068026374998, -35.508391047987963 ], [ 174.469064402421338, -35.508390526553917 ], [ 174.469063935563781, -35.508390455985122 ], [ 174.469060323132112, -35.508389883588634 ], [ 174.469059857830388, -35.508389806455071 ], [ 174.469056257992548, -35.50838918326599 ], [ 174.469055794384786, -35.508389099590573 ], [ 174.469052208208893, -35.508388425793811 ], [ 174.469051746432484, -35.508388335601332 ], [ 174.469048174982618, -35.508387611396792 ], [ 174.469047715174781, -35.508387514714052 ], [ 174.469044159510617, -35.508386740316638 ], [ 174.469043701807607, -35.508386637172286 ], [ 174.469040162984157, -35.508385812811767 ], [ 174.469039707521887, -35.508385703236414 ], [ 174.469036186589108, -35.508384829157379 ], [ 174.469035733502722, -35.508384713183574 ], [ 174.469032231505366, -35.508383789645357 ], [ 174.469031780929242, -35.50838366730747 ], [ 174.469028298906409, -35.508382694584107 ], [ 174.4690278509743, -35.508382565918488 ], [ 174.469024389959117, -35.508381544298608 ], [ 174.469023944803723, -35.50838140934335 ], [ 174.469020505823096, -35.508380339130049 ], [ 174.469020063576863, -35.508380197925298 ], [ 174.469016647651188, -35.508379079436153 ], [ 174.469016208445083, -35.508378932023696 ], [ 174.469012816587906, -35.508377765590581 ], [ 174.469012380552243, -35.508377612014222 ], [ 174.469009013769977, -35.508376397983206 ], [ 174.469008581034274, -35.508376238288527 ], [ 174.469005240325828, -35.50837497701982 ], [ 174.469004811018294, -35.508374811254136 ], [ 174.469001497374961, -35.50837350312198 ], [ 174.469001071623239, -35.508373331334589 ], [ 174.468997786028183, -35.508371976727133 ], [ 174.468997363958294, -35.508371798968888 ], [ 174.468994107386379, -35.508370398288051 ], [ 174.468993689123693, -35.508370214611709 ], [ 174.468990462541171, -35.508368768273087 ], [ 174.468990048209918, -35.508368578733233 ], [ 174.468986852574176, -35.508367087165979 ], [ 174.46898644229708, -35.508366891818774 ], [ 174.468983278556266, -35.508365355465429 ], [ 174.4689828724552, -35.508365154368896 ], [ 174.468979741548083, -35.508363573685315 ], [ 174.468979339743498, -35.508363366899069 ], [ 174.468976242598956, -35.508361742354289 ], [ 174.468975905353687, -35.508361562603092 ], [ 174.46897254536276, -35.508359743006828 ], [ 174.468972149204319, -35.508359524404163 ], [ 174.468968828304838, -35.508357657444101 ], [ 174.468968436841664, -35.508357433257665 ], [ 174.468965156032112, -35.508355519495169 ], [ 174.468964769381842, -35.508355289792313 ], [ 174.468961529648737, -35.508353329802809 ], [ 174.468961147927644, -35.50835309465262 ], [ 174.468957950245084, -35.508351089025417 ], [ 174.468957573568048, -35.508350848498637 ], [ 174.468954418897482, -35.508348797836803 ], [ 174.46895404737765, -35.508348552005721 ], [ 174.468950936667625, -35.508346456925828 ], [ 174.468950570416666, -35.508346205864335 ], [ 174.468947504602511, -35.508344066996337 ], [ 174.468947143730645, -35.508343810779969 ], [ 174.468944123734133, -35.508341628766956 ], [ 174.468943768349845, -35.508341367472738 ], [ 174.46894079507905, -35.508339142970804 ], [ 174.468940445289206, -35.508338876677293 ], [ 174.468937519638104, -35.5083366103553 ], [ 174.468937175547808, -35.508336339142538 ], [ 174.468934298396078, -35.508334031681898 ], [ 174.46893396010887, -35.508333755631483 ], [ 174.468931132321586, -35.508331407726018 ], [ 174.468930799939187, -35.50833112692095 ], [ 174.468928022366583, -35.508328739276614 ], [ 174.46892769598881, -35.508328453801248 ], [ 174.468924969466087, -35.508326027135922 ], [ 174.468924649191194, -35.508325737076177 ], [ 174.468921974538119, -35.50832327211954 ], [ 174.468921660462371, -35.508322977562621 ], [ 174.468919038483108, -35.508320475055811 ], [ 174.468918730700921, -35.508320176090237 ], [ 174.468916162183888, -35.508317636785705 ], [ 174.468915860787831, -35.508317333501402 ], [ 174.468913346505303, -35.508314758162655 ], [ 174.468913051585957, -35.508314450650801 ], [ 174.468910592293895, -35.508311840052166 ], [ 174.468910303939992, -35.508311528405251 ], [ 174.468907900377843, -35.508308883331694 ], [ 174.468907618676099, -35.508308567643411 ], [ 174.46890527156657, -35.508305888890256 ], [ 174.468904996601566, -35.508305569255505 ], [ 174.468902706650368, -35.508302857628159 ], [ 174.46890243850487, -35.508302534143027 ], [ 174.468900206400519, -35.50829979045681 ], [ 174.46889994515513, -35.508299463218648 ], [ 174.468897771568777, -35.50829668829855 ], [ 174.468897517302082, -35.508296357405676 ], [ 174.468895402887256, -35.508293552086052 ], [ 174.468895155675625, -35.508293217637942 ], [ 174.468893101068062, -35.508290382762262 ], [ 174.468892860985903, -35.508290044859528 ], [ 174.468890866803349, -35.508287181280181 ], [ 174.468890633922882, -35.508286840024439 ], [ 174.468888700764978, -35.50828394860244 ], [ 174.46888847515612, -35.508283604096214 ], [ 174.468886603604091, -35.508280685700939 ], [ 174.468886385334741, -35.508280338047896 ], [ 174.468884575951336, -35.508277393556838 ], [ 174.468884365087064, -35.508277042861458 ], [ 174.468882618416302, -35.508274073159967 ], [ 174.468882415020573, -35.508273719527729 ], [ 174.468880731587603, -35.508270725508702 ], [ 174.468880535721553, -35.50827036904591 ], [ 174.468878916032537, -35.508267351609582 ], [ 174.468878727755055, -35.50826699242343 ], [ 174.468877172297027, -35.508263952477087 ], [ 174.4688769916647, -35.508263590675575 ], [ 174.468875500905312, -35.508260529133253 ], [ 174.468875327972484, -35.508260164825138 ], [ 174.468873902359974, -35.508257082607351 ], [ 174.468873737178626, -35.508256715902228 ], [ 174.468872377141622, -35.508253613935736 ], [ 174.468872219761408, -35.508253244943802 ], [ 174.468870925708842, -35.5082501241613 ], [ 174.468870776177084, -35.508249752993557 ], [ 174.468869548498049, -35.50824661433338 ], [ 174.46886940685971, -35.508246241101375 ], [ 174.468868245923318, -35.508243085507239 ], [ 174.468868112221003, -35.508242710323245 ], [ 174.468867018376301, -35.508239538743965 ], [ 174.468866155744308, -35.508235935803413 ], [ 174.46886173002946, -35.508203697380772 ], [ 174.468861682130381, -35.508203319808558 ], [ 174.468860467924515, -35.508192893756018 ], [ 174.468856594512147, -35.50819848814497 ], [ 174.468856247349748, -35.50819897524007 ], [ 174.468849385248973, -35.508208332255023 ], [ 174.468849145513559, -35.508208653055732 ], [ 174.468842093475644, -35.508217915172374 ], [ 174.46884184722893, -35.508218232658557 ], [ 174.468834607216337, -35.508227397299414 ], [ 174.468834354526876, -35.508227711382723 ], [ 174.468826928554222, -35.508236775997482 ], [ 174.468826669492273, -35.508237086590484 ], [ 174.468819059626043, -35.508246048656638 ], [ 174.468818794263797, -35.508246355672917 ], [ 174.468811002621521, -35.50825521269649 ], [ 174.468810731032761, -35.508255516050625 ], [ 174.468802759782704, -35.508264265566865 ], [ 174.468802482042975, -35.508264565174429 ], [ 174.468794333403309, -35.508273204748541 ], [ 174.468794049589974, -35.508273500526158 ], [ 174.468785725828212, -35.508282027753872 ], [ 174.468785436020227, -35.508282319619219 ], [ 174.468776939452709, -35.508290732127634 ], [ 174.468776643730649, -35.508291019999511 ], [ 174.46876797672175, -35.50829931544753 ], [ 174.468767675167982, -35.508299599245802 ], [ 174.468758840129482, -35.508307775324987 ], [ 174.468758532827906, -35.508308054970733 ], [ 174.468749532218368, -35.508316109405811 ], [ 174.468749219254477, -35.508316384821136 ], [ 174.468740055578621, -35.508324315370736 ], [ 174.468739737039527, -35.508324586479063 ], [ 174.468730412847265, -35.508332390936246 ], [ 174.468730088821616, -35.508332657662081 ], [ 174.468720606707734, -35.50834033385501 ], [ 174.468720277285655, -35.508340596124185 ], [ 174.468710639888769, -35.50834814191672 ], [ 174.468710305162006, -35.508348399656185 ], [ 174.468700515163988, -35.508355812948473 ], [ 174.468700175225592, -35.508356066086534 ], [ 174.468690235350778, -35.508363344815592 ], [ 174.468689890295479, -35.508363593281807 ], [ 174.468679803309868, -35.508370735422091 ], [ 174.468679453233563, -35.50837097914733 ], [ 174.468669221944225, -35.508377982711323 ], [ 174.46866886694437, -35.508378221627723 ], [ 174.468660034407094, -35.508384065600644 ], [ 174.468650060760581, -35.508392873049814 ], [ 174.468639076685179, -35.508402881547177 ], [ 174.468628284893924, -35.508413028935202 ], [ 174.468617688013779, -35.508423312743815 ], [ 174.46860728862319, -35.50843373047082 ], [ 174.468597089253848, -35.508444279580154 ], [ 174.468587092387907, -35.50845495750464 ], [ 174.468577300457952, -35.50846576164605 ], [ 174.468568086719955, -35.508476266530806 ], [ 174.468565246987254, -35.508479966842835 ], [ 174.468562169334007, -35.508484135766977 ], [ 174.468559180400035, -35.508488347627846 ], [ 174.46855628108105, -35.508492601163333 ], [ 174.468553472246015, -35.508496895098553 ], [ 174.468550754736611, -35.508501228146841 ], [ 174.46854812936698, -35.508505599010064 ], [ 174.468545596924088, -35.508510006378081 ], [ 174.46854315816708, -35.508514448929809 ], [ 174.46854081382628, -35.508518925334776 ], [ 174.468538564604671, -35.508523434250755 ], [ 174.46853641117616, -35.508527974326817 ], [ 174.468534354185863, -35.508532544202794 ], [ 174.468532394250758, -35.508537142508288 ], [ 174.468530531957583, -35.508541767866433 ], [ 174.468528767864854, -35.50854641889039 ], [ 174.468527102501042, -35.508551094186622 ], [ 174.46852553636532, -35.508555792354116 ], [ 174.468524069926985, -35.508560511984754 ], [ 174.468522703625524, -35.508565251664429 ], [ 174.468521437870379, -35.508570009972686 ], [ 174.468520273040923, -35.508574785483631 ], [ 174.468519209486203, -35.508579576766003 ], [ 174.468518247524941, -35.508584382384278 ], [ 174.468517387445502, -35.508589200898037 ], [ 174.468516629505558, -35.508594030863655 ], [ 174.468515973932284, -35.508598870833453 ], [ 174.468515420922216, -35.508603719356977 ], [ 174.468514970641024, -35.508608574981423 ], [ 174.468514623223712, -35.508613436251579 ], [ 174.468514378774387, -35.508618301710904 ], [ 174.468514237366321, -35.508623169901099 ], [ 174.468514199041891, -35.508628039363266 ], [ 174.468514263812665, -35.508632908638241 ], [ 174.468514431659202, -35.508637776266944 ], [ 174.468514702531223, -35.50864264079064 ], [ 174.468515076347558, -35.508647500751287 ], [ 174.468515552996223, -35.508652354692835 ], [ 174.468516132334429, -35.508657201160631 ], [ 174.468516814188519, -35.508662038701971 ], [ 174.468517598354254, -35.508666865867667 ], [ 174.46851848459653, -35.508671681210743 ], [ 174.468519472649973, -35.508676483288603 ], [ 174.468520562218316, -35.508681270661569 ], [ 174.468521752975221, -35.508686041895636 ], [ 174.468523044563767, -35.508690795560604 ], [ 174.46852443659688, -35.50869553023189 ], [ 174.468525928657584, -35.508700244490981 ], [ 174.468527520298579, -35.508704936924737 ], [ 174.468528992067888, -35.508709001399993 ], [ 174.468537676706177, -35.508727804083065 ], [ 174.468547043231041, -35.50874706692786 ], [ 174.468556816362394, -35.508766194242924 ], [ 174.468566993168963, -35.508785180290822 ], [ 174.4685775705982, -35.50880401937615 ], [ 174.468588545477218, -35.508822705847372 ], [ 174.468599914514527, -35.508841234099627 ], [ 174.468611674299581, -35.508859598574347 ], [ 174.468623821305243, -35.508877793762949 ], [ 174.468636351887909, -35.508895814207385 ], [ 174.468649262289176, -35.50891365450213 ], [ 174.46866254863599, -35.508931309294951 ], [ 174.468676206943627, -35.508948773290648 ], [ 174.468690233114728, -35.508966041249856 ], [ 174.468704622942113, -35.508983107992734 ], [ 174.468719372109859, -35.508999968400254 ], [ 174.468734112569251, -35.509016216596628 ], [ 174.468754840507643, -35.509036346120766 ], [ 174.468776377498529, -35.50905658078932 ], [ 174.468798315995997, -35.509076525003536 ], [ 174.468820650141907, -35.509096173437513 ], [ 174.468843373972817, -35.509115520844652 ], [ 174.468866481420662, -35.509134562058364 ], [ 174.468889966315942, -35.509153291994537 ], [ 174.468913822386639, -35.509171705650893 ], [ 174.468938043264245, -35.509189798111571 ], [ 174.468962622480291, -35.50920756454461 ], [ 174.468987553471521, -35.509225000205866 ], [ 174.469012492830444, -35.50924187261527 ], [ 174.469104166199003, -35.509298053540256 ], [ 174.469197149139831, -35.509353438869717 ], [ 174.469291044436915, -35.509407785468618 ], [ 174.469385989111458, -35.509461170092131 ], [ 174.469388296872438, -35.509462620163411 ], [ 174.469396553484131, -35.509468399936516 ], [ 174.469404747383152, -35.509473937888536 ], [ 174.469413057206822, -35.509479359127987 ], [ 174.469421480469407, -35.509484662033138 ], [ 174.469430014650214, -35.509489845017065 ], [ 174.469438657195582, -35.509494906528857 ], [ 174.469447405519816, -35.50949984505425 ], [ 174.469456257006243, -35.509504659116033 ], [ 174.469465209005364, -35.50950934727323 ], [ 174.469474258839711, -35.509513908123665 ], [ 174.469483403800467, -35.509518340302137 ], [ 174.469492641153209, -35.509522642483404 ], [ 174.469501968132079, -35.509526813379281 ], [ 174.46951138194791, -35.509530851742468 ], [ 174.469520879783232, -35.509534756364367 ], [ 174.469530458797749, -35.509538526077286 ], [ 174.469540116123312, -35.509542159752492 ], [ 174.469549848872106, -35.509545656303402 ], [ 174.469559654131757, -35.509549014683735 ], [ 174.469569528967867, -35.509552233888442 ], [ 174.469579470426424, -35.509555312954504 ], [ 174.469589475533184, -35.50955825096073 ], [ 174.469599541293746, -35.509561047027823 ], [ 174.469609664697657, -35.509563700319539 ], [ 174.469619842714764, -35.509566210041683 ], [ 174.469630072301072, -35.509568575443666 ], [ 174.469640350394059, -35.509570795817339 ], [ 174.469650673920938, -35.509572870498893 ], [ 174.469661039791106, -35.509574798867199 ], [ 174.469671444903668, -35.509576580345417 ], [ 174.469681385861549, -35.509578136106072 ], [ 174.469712533529332, -35.509581591928715 ], [ 174.469744258528266, -35.509584663898771 ], [ 174.469776042784702, -35.509587294665479 ], [ 174.469807877123486, -35.509589483469391 ], [ 174.469839752351078, -35.509591229678449 ], [ 174.46987165926646, -35.509592532788581 ], [ 174.469903588653949, -35.509593392423426 ], [ 174.46993553129596, -35.509593808334834 ], [ 174.469967477969846, -35.509593780402753 ], [ 174.469999653590492, -35.509593305177013 ], [ 174.470001022249278, -35.509593312752685 ], [ 174.470179177869738, -35.509597917397393 ], [ 174.470179581638462, -35.509597930256 ], [ 174.470357635575084, -35.509604669627706 ], [ 174.470358039069964, -35.509604687324178 ], [ 174.470535953069344, -35.509613559974646 ], [ 174.470536356203638, -35.509613582505153 ], [ 174.470714092042442, -35.509624586527842 ], [ 174.470714336829758, -35.50962460258004 ], [ 174.47073099186079, -35.509625755829653 ], [ 174.47073145365988, -35.509625791008169 ], [ 174.470748082600807, -35.509627173235117 ], [ 174.470748543610569, -35.509627214762098 ], [ 174.470765141753077, -35.509628825575028 ], [ 174.470765601843027, -35.509628873438729 ], [ 174.470782164487531, -35.509630712381536 ], [ 174.470782623527356, -35.509630766568392 ], [ 174.470799145984302, -35.509632833120406 ], [ 174.470799603844085, -35.509632893615084 ], [ 174.47081608143526, -35.509635187191179 ], [ 174.470816537985343, -35.509635253976548 ], [ 174.470832966045322, -35.509637773927309 ], [ 174.470833421156385, -35.50963784698444 ], [ 174.470849795033701, -35.509640592596369 ], [ 174.470850248576966, -35.509640671904613 ], [ 174.470866563635525, -35.509643642400313 ], [ 174.470867015482497, -35.509643727937181 ], [ 174.470883267102835, -35.509646922475582 ], [ 174.470883717125616, -35.509647014216881 ], [ 174.470899900706257, -35.509650431893462 ], [ 174.470900348777434, -35.509650529813214 ], [ 174.470906819498794, -35.509651991702697 ], [ 174.470907773617284, -35.50965197194386 ], [ 174.47091603992061, -35.509653980350173 ], [ 174.470916619848424, -35.509654207021811 ], [ 174.470916905728814, -35.509654273730746 ], [ 174.470932939503911, -35.509658134717768 ], [ 174.47093338329185, -35.509658244909474 ], [ 174.470949335343477, -35.509662325943204 ], [ 174.470949776800978, -35.509662442224965 ], [ 174.470965642612526, -35.509666742149882 ], [ 174.47096608161462, -35.509666864488786 ], [ 174.470981856693783, -35.509671382087411 ], [ 174.470982293116208, -35.509671510448804 ], [ 174.4709979729964, -35.509676244442034 ], [ 174.470998406715523, -35.509676378789564 ], [ 174.471013986957161, -35.509681327837015 ], [ 174.471014417850199, -35.509681468132648 ], [ 174.471029894041806, -35.509686630833023 ], [ 174.471030321986774, -35.509686777037047 ], [ 174.471045689746461, -35.509692151928583 ], [ 174.471046114622141, -35.509692303999572 ], [ 174.471061369598601, -35.509697889560407 ], [ 174.471061791284768, -35.509698047455331 ], [ 174.471076929158698, -35.509703842103967 ], [ 174.471077258120857, -35.509703970202139 ], [ 174.471234761382874, -35.50976634955623 ], [ 174.471235169702197, -35.509766514691201 ], [ 174.471391151656434, -35.509830914905997 ], [ 174.471407138614495, -35.509837199509839 ], [ 174.471407555074876, -35.509837366766845 ], [ 174.471423649909042, -35.509843968767392 ], [ 174.471424062867158, -35.509844141732678 ], [ 174.471440019506531, -35.50985096431954 ], [ 174.471440428845312, -35.509851142944079 ], [ 174.471456242768284, -35.50985818418394 ], [ 174.471456648371714, -35.509858368417113 ], [ 174.471472315097088, -35.509865626314713 ], [ 174.471472716850286, -35.50986581610433 ], [ 174.471488231938537, -35.509873288603018 ], [ 174.471488629727645, -35.509873483895269 ], [ 174.471503988782274, -35.509881168877556 ], [ 174.471504382494544, -35.509881369617119 ], [ 174.471519581163278, -35.509889264905354 ], [ 174.471519970687183, -35.509889471035329 ], [ 174.47153500466311, -35.509897574392198 ], [ 174.47153538988826, -35.509897785854228 ], [ 174.471550254911193, -35.509906094983521 ], [ 174.47155063572842, -35.509906311717621 ], [ 174.471565327586006, -35.509914824264783 ], [ 174.471565703887364, -35.509915046209557 ], [ 174.47158021841642, -35.509923759762394 ], [ 174.471580590095328, -35.509923986854979 ], [ 174.471594923182778, -35.509932898944342 ], [ 174.471595290133905, -35.509933131120349 ], [ 174.471609437718115, -35.509942239220841 ], [ 174.471609799837466, -35.509942476414494 ], [ 174.47162375790947, -35.509951777945147 ], [ 174.471624115094386, -35.50995202008923 ], [ 174.47163787969879, -35.509961512414286 ], [ 174.471638231848146, -35.509961759440195 ], [ 174.471651799084441, -35.509971439869823 ], [ 174.471652146098364, -35.509971691707534 ], [ 174.471665512121916, -35.509981557498591 ], [ 174.471665853902124, -35.509981814076781 ], [ 174.47167893207353, -35.50999179917676 ], [ 174.471748673992494, -35.510044175285572 ], [ 174.471749017619999, -35.510044437803259 ], [ 174.471784708129604, -35.510072173966172 ], [ 174.47178621026427, -35.510070665816208 ], [ 174.471787854633902, -35.510068955054635 ], [ 174.471789462440029, -35.51006722121393 ], [ 174.47179103319823, -35.510065464816527 ], [ 174.471792566434857, -35.510063686392016 ], [ 174.471794061688485, -35.510061886475611 ], [ 174.471795518508287, -35.510060065610062 ], [ 174.47179693645549, -35.510058224343709 ], [ 174.471798315102944, -35.510056363231307 ], [ 174.47179965403501, -35.510054482833858 ], [ 174.471800952848668, -35.510052583717474 ], [ 174.471802211152294, -35.510050666454717 ], [ 174.471803428567029, -35.510048731622867 ], [ 174.471804604725889, -35.510046779805236 ], [ 174.471805739274572, -35.510044811589673 ], [ 174.471806831871305, -35.510042827569151 ], [ 174.471807882186795, -35.510040828341666 ], [ 174.471808889904736, -35.510038814509244 ], [ 174.471809854721414, -35.510036786678839 ], [ 174.471810776346246, -35.510034745461297 ], [ 174.47181165450155, -35.510032691471494 ], [ 174.471812488922552, -35.51003062532876 ], [ 174.471813279358116, -35.510028547655082 ], [ 174.471814025570012, -35.510026459076506 ], [ 174.471814727333339, -35.510024360222651 ], [ 174.471815384436752, -35.510022251725474 ], [ 174.471815996682352, -35.510020134220269 ], [ 174.471816563885454, -35.510018008345448 ], [ 174.471817085875358, -35.510015874740986 ], [ 174.471817562494721, -35.510013734049899 ], [ 174.471817993600041, -35.510011586917095 ], [ 174.471818379061318, -35.510009433989687 ], [ 174.471818718762449, -35.510007275916209 ], [ 174.471819012601145, -35.510005113346672 ], [ 174.471819260488871, -35.510002946932921 ], [ 174.471819439665154, -35.510001021152895 ], [ 174.471819611404243, -35.509997214787333 ], [ 174.471819710700998, -35.509993156626699 ], [ 174.471819726254324, -35.509989097673767 ], [ 174.471819658059758, -35.509985039084029 ], [ 174.471819506136796, -35.509980982012294 ], [ 174.471819270528613, -35.509976927613607 ], [ 174.471818951302339, -35.50997287704179 ], [ 174.471818548548811, -35.509968831449868 ], [ 174.471818062382681, -35.509964791989034 ], [ 174.471817492942364, -35.509960759809182 ], [ 174.471816840389863, -35.50995673605771 ], [ 174.471816104910999, -35.509952721880012 ], [ 174.471815286715099, -35.509948718418833 ], [ 174.471814386035021, -35.509944726813174 ], [ 174.471813403127101, -35.50994074819917 ], [ 174.471812338271206, -35.509936783709598 ], [ 174.471811191770286, -35.509932834472458 ], [ 174.47180996395079, -35.509928901611865 ], [ 174.471808655162135, -35.50992498624727 ], [ 174.471807265776846, -35.509921089492906 ], [ 174.471805796190324, -35.509917212457815 ], [ 174.471804246820938, -35.509913356245782 ], [ 174.471802618109677, -35.509909521954114 ], [ 174.471800910519875, -35.509905710673806 ], [ 174.471799040887447, -35.509901746109065 ], [ 174.471798319125071, -35.509900007789909 ], [ 174.471797714316438, -35.509898329478943 ], [ 174.471797582412961, -35.509897951315459 ], [ 174.471797013510809, -35.509896264631429 ], [ 174.471796889697231, -35.509895884643669 ], [ 174.471796356874734, -35.509894190100106 ], [ 174.47179624118877, -35.509893808403781 ], [ 174.471795744608158, -35.50989210651661 ], [ 174.471795637085023, -35.509891723227959 ], [ 174.471795176897501, -35.509890014515378 ], [ 174.471795077569936, -35.5098896297511 ], [ 174.471794653915623, -35.509887914733334 ], [ 174.471794562813869, -35.509887528610534 ], [ 174.471794175821714, -35.509885807809745 ], [ 174.471794092973511, -35.509885420446032 ], [ 174.471793742761321, -35.50988369438614 ], [ 174.471793668191907, -35.509883305899436 ], [ 174.471793354866378, -35.509881575105993 ], [ 174.471793288598434, -35.509881185614567 ], [ 174.471793012254892, -35.509879450614498 ], [ 174.471792954308569, -35.509879060236933 ], [ 174.471792715031171, -35.509877321558513 ], [ 174.471792665424175, -35.509876930413732 ], [ 174.471792463285794, -35.509875188586328 ], [ 174.471792422033161, -35.509874796793298 ], [ 174.471792257095331, -35.509873052347224 ], [ 174.471792224209679, -35.509872660025373 ], [ 174.471792096522591, -35.50987091349176 ], [ 174.471792072013898, -35.509870520760416 ], [ 174.471791981616434, -35.509868772671034 ], [ 174.471791965492173, -35.509868379649859 ], [ 174.471791912411845, -35.509866630536919 ], [ 174.471791904676905, -35.509866237345499 ], [ 174.471791888929914, -35.509864487741552 ], [ 174.471791889586683, -35.50986409449964 ], [ 174.471791911177775, -35.509862344937403 ], [ 174.471791920226025, -35.509861951764734 ], [ 174.471791979148605, -35.509860202776864 ], [ 174.471791996585608, -35.509859809793163 ], [ 174.471792092821801, -35.509858061912162 ], [ 174.471792118642213, -35.509857669237007 ], [ 174.471792252162658, -35.509855922995037 ], [ 174.471792286358635, -35.509855530748062 ], [ 174.471792457122717, -35.509853786676821 ], [ 174.471792499683829, -35.509853394977426 ], [ 174.471792707639537, -35.509851653607903 ], [ 174.47179275855288, -35.509851262575303 ], [ 174.47179300363689, -35.509849524437698 ], [ 174.471793062886888, -35.509849134191036 ], [ 174.471793345024565, -35.509847399814532 ], [ 174.471793412593229, -35.509847010472555 ], [ 174.471793731698682, -35.509845280385235 ], [ 174.471793807565462, -35.509844892066454 ], [ 174.471794163541546, -35.509843166795058 ], [ 174.471794247683221, -35.509842779617806 ], [ 174.471794640421564, -35.509841059687623 ], [ 174.471794732812668, -35.509840673769695 ], [ 174.471795162193615, -35.509838959704368 ], [ 174.471795262805898, -35.509838575163336 ], [ 174.471795728698794, -35.509836867484744 ], [ 174.471795837501702, -35.509836484437606 ], [ 174.471796339764666, -35.509834783665681 ], [ 174.471796456725059, -35.50983440222911 ], [ 174.471796995205153, -35.509832708881689 ], [ 174.471797120287391, -35.509832329171822 ], [ 174.47179769482068, -35.509830643764438 ], [ 174.471797827986705, -35.509830265896909 ], [ 174.471798438398253, -35.509828588942732 ], [ 174.471798579607508, -35.509828213032471 ], [ 174.471799225711493, -35.509826545042081 ], [ 174.471799374920948, -35.509826171203699 ], [ 174.471800056520635, -35.509824512684929 ], [ 174.471800213684901, -35.509824141032091 ], [ 174.471800930572783, -35.509822492489903 ], [ 174.471801095643968, -35.509822123135905 ], [ 174.471801847601739, -35.50982048507224 ], [ 174.471802020529651, -35.509820118129419 ], [ 174.471802807328345, -35.509818491042971 ], [ 174.471802988060318, -35.509818126623124 ], [ 174.471803809460454, -35.509816511009312 ], [ 174.471803997941379, -35.509816149223411 ], [ 174.471804853692817, -35.509814545574123 ], [ 174.471805049865424, -35.509814186532211 ], [ 174.471805939707593, -35.50981259533571 ], [ 174.47180614351214, -35.509812239147188 ], [ 174.471807067174126, -35.509810660887936 ], [ 174.471807278548454, -35.509810307661319 ], [ 174.471808235749052, -35.509808742819828 ], [ 174.471808454628928, -35.509808392662471 ], [ 174.471809445076701, -35.509806841715189 ], [ 174.47180967139542, -35.50980649473383 ], [ 174.471810694788815, -35.509804958152976 ], [ 174.471810928477453, -35.509804614453238 ], [ 174.47181198450491, -35.509803092706619 ], [ 174.471812225492329, -35.509802752393156 ], [ 174.471813313832257, -35.509801245944104 ], [ 174.471813562045099, -35.509800909120472 ], [ 174.471814682366187, -35.509799418427676 ], [ 174.471814937728851, -35.509799085196548 ], [ 174.471816089689952, -35.509797610713825 ], [ 174.471816352124733, -35.509797281176553 ], [ 174.471817535375123, -35.509795823352853 ], [ 174.471817804802157, -35.509795497609744 ], [ 174.471819018981591, -35.509794056888929 ], [ 174.471819295318738, -35.509793735039281 ], [ 174.471820540057536, -35.509792311859982 ], [ 174.471820823220753, -35.509791994001652 ], [ 174.471822098139938, -35.509790588797195 ], [ 174.471822388042938, -35.5097902750271 ], [ 174.471823273281615, -35.509789334090577 ], [ 174.471824405819035, -35.509787997229687 ], [ 174.471824678419523, -35.509787681273998 ], [ 174.471826240231593, -35.509785903639269 ], [ 174.471826519421512, -35.509785591554127 ], [ 174.471828118302909, -35.509783836090037 ], [ 174.471828404000092, -35.50978352796723 ], [ 174.47183003948021, -35.509781795190548 ], [ 174.471830331600472, -35.509781491120883 ], [ 174.471832003197846, -35.509779781541646 ], [ 174.47183230165524, -35.509779481614594 ], [ 174.471834008877806, -35.509777795736042 ], [ 174.471834313584566, -35.509777500039817 ], [ 174.471836055929771, -35.509775838358244 ], [ 174.471836366796026, -35.509775546980016 ], [ 174.471838143751029, -35.509773909984524 ], [ 174.471838460685404, -35.50977362300997 ], [ 174.471840271727075, -35.509772011182427 ], [ 174.471840594636262, -35.509771728696066 ], [ 174.471842439231523, -35.509770142510959 ], [ 174.471842768020451, -35.509769864595881 ], [ 174.471844645626334, -35.509768304520122 ], [ 174.471844980198142, -35.509768031258233 ], [ 174.471846890261958, -35.509766497751031 ], [ 174.471847230518335, -35.50976622922267 ], [ 174.471849172477761, -35.509764722735433 ], [ 174.471849518318436, -35.509764459019706 ], [ 174.471851491601882, -35.509762979995912 ], [ 174.47185184292502, -35.509762721170461 ], [ 174.471853846951603, -35.509761270045452 ], [ 174.471854203653862, -35.50976101618641 ], [ 174.471856237833691, -35.509759593387365 ], [ 174.471856599809996, -35.50975934456951 ], [ 174.471858663544282, -35.509757950515223 ], [ 174.471859030688194, -35.509757706811733 ], [ 174.471861123369422, -35.509756341912592 ], [ 174.471861495572739, -35.509756103395276 ], [ 174.471863616584926, -35.509754768053043 ], [ 174.471863993738111, -35.509754534792108 ], [ 174.471866142456889, -35.509753229399827 ], [ 174.471866524449069, -35.509753001463842 ], [ 174.47186870024197, -35.509751726405824 ], [ 174.47186908696051, -35.50975150386197 ], [ 174.471871289187021, -35.509750259513517 ], [ 174.471871680518205, -35.509750042427292 ], [ 174.471873908530085, -35.509748829154688 ], [ 174.471874304358607, -35.50974861759002 ], [ 174.471876557500025, -35.509747435750427 ], [ 174.471876957709469, -35.50974722976953 ], [ 174.471879235317147, -35.509746079710816 ], [ 174.471879639789648, -35.509745879374371 ], [ 174.471881941193175, -35.509744761435073 ], [ 174.471882349809789, -35.509744566801977 ], [ 174.471884674331704, -35.509743481311205 ], [ 174.471885086971952, -35.509743292438863 ], [ 174.471887433928003, -35.509742239716104 ], [ 174.471887850470608, -35.509742056660031 ], [ 174.47189021916995, -35.509741037015182 ], [ 174.471890639492187, -35.509740859829279 ], [ 174.471893029237521, -35.509739873562502 ], [ 174.471893453215614, -35.509739702298972 ], [ 174.471895863303558, -35.50973874970056 ], [ 174.471896290812879, -35.509738584409746 ], [ 174.471898720533943, -35.509737665760106 ], [ 174.471899151448582, -35.509737506490673 ], [ 174.471901600087563, -35.509736622060259 ], [ 174.471902034280504, -35.509736468859174 ], [ 174.471904501116626, -35.509735618908294 ], [ 174.471904938460284, -35.509735471820569 ], [ 174.471907422767345, -35.50973465659942 ], [ 174.471907863132913, -35.509734515668356 ], [ 174.471910364179706, -35.509733735416937 ], [ 174.471910807437439, -35.509733600684065 ], [ 174.471913324487701, -35.509732855632024 ], [ 174.471918496350355, -35.509731774280773 ], [ 174.471958183594978, -35.509726758402174 ], [ 174.471958659175186, -35.509726701762446 ], [ 174.471998447341747, -35.509722252432965 ], [ 174.471998924057402, -35.509722202581784 ], [ 174.47203880104982, -35.509718321154089 ], [ 174.472039278756029, -35.509718278106597 ], [ 174.472079232451279, -35.509714965760622 ], [ 174.472079711002749, -35.50971492952992 ], [ 174.472119729254473, -35.509712187272655 ], [ 174.4721202085058, -35.509712157869764 ], [ 174.472160279147943, -35.509709986534851 ], [ 174.472160758953379, -35.509709963968696 ], [ 174.472200869804112, -35.509708364216237 ], [ 174.47220135001777, -35.509708348493682 ], [ 174.472241488882929, -35.509707320810016 ], [ 174.472244760857791, -35.509707396034521 ], [ 174.472256013189906, -35.50970820335835 ], [ 174.472267042433145, -35.509708837230136 ], [ 174.472278083466932, -35.509709314549198 ], [ 174.472289132966125, -35.509709635171809 ], [ 174.472300187605953, -35.50970979900147 ], [ 174.472311244057721, -35.509709805988876 ], [ 174.472322298993873, -35.509709656131911 ], [ 174.472333349085716, -35.509709349475706 ], [ 174.472344391008534, -35.509708886112534 ], [ 174.47235542143693, -35.509708266181917 ], [ 174.472366437051193, -35.509707489870451 ], [ 174.472377434535332, -35.509706557411825 ], [ 174.472388410578532, -35.509705469086768 ], [ 174.472399361877024, -35.509704225222848 ], [ 174.472410285134288, -35.509702826194491 ], [ 174.472421177062756, -35.509701272422774 ], [ 174.472432034381626, -35.509699564375715 ], [ 174.472442853825072, -35.509697702567102 ], [ 174.472453632135057, -35.509695687557546 ], [ 174.47246436606676, -35.5096935199537 ], [ 174.472475052390337, -35.509691200407765 ], [ 174.472485687886916, -35.50968872961846 ], [ 174.472496269357407, -35.509686108328978 ], [ 174.472506793614542, -35.509683337328873 ], [ 174.472517257491035, -35.509680417452074 ], [ 174.472527882761597, -35.509677283229721 ], [ 174.472536352480063, -35.509675957458484 ], [ 174.47254490871228, -35.509676836606054 ], [ 174.472552713915235, -35.509679834615426 ], [ 174.472559004061793, -35.509684658020731 ], [ 174.472563163428589, -35.509690834673727 ], [ 174.472564784867501, -35.509697759960829 ], [ 174.472563709660193, -35.509704755986789 ], [ 174.472560043054756, -35.509711137931816 ], [ 174.472554143963606, -35.509716281086419 ], [ 174.472546589830898, -35.509719682002583 ], [ 174.47253573963161, -35.509722882574323 ], [ 174.47253528840929, -35.509723012069067 ], [ 174.472524371931513, -35.509726058241625 ], [ 174.472523918029452, -35.50972618131599 ], [ 174.472512938559277, -35.509729072172391 ], [ 174.47251248211407, -35.509729188789308 ], [ 174.472501442956599, -35.50973192345937 ], [ 174.472500984105579, -35.509732033583767 ], [ 174.472489888583794, -35.509734611244234 ], [ 174.472489427465234, -35.509734714842928 ], [ 174.472478278919141, -35.509737134717916 ], [ 174.472477815671709, -35.509737231759736 ], [ 174.472466617457286, -35.50973949312079 ], [ 174.472466152220505, -35.509739583576525 ], [ 174.472454907708624, -35.509741685742917 ], [ 174.472454440622528, -35.509741769585354 ], [ 174.472443153198043, -35.50974371192428 ], [ 174.472442684403262, -35.509743789128144 ], [ 174.472431357463961, -35.509745571054921 ], [ 174.472430887101524, -35.509745641597021 ], [ 174.472419524057102, -35.509747262575253 ], [ 174.472419052268691, -35.509747326434287 ], [ 174.472407656539588, -35.509748785976036 ], [ 174.472407183467197, -35.509748843132819 ], [ 174.472395758483856, -35.509750140798694 ], [ 174.472395284269851, -35.509750191236044 ], [ 174.472383833471412, -35.509751326635417 ], [ 174.472383358258611, -35.509751370338115 ], [ 174.472371885092059, -35.509752343129222 ], [ 174.472371409023452, -35.509752380084123 ], [ 174.47235991694248, -35.509753189974141 ], [ 174.472359440161341, -35.509753220170118 ], [ 174.472347932625269, -35.509753866915226 ], [ 174.472347455275212, -35.509753890343205 ], [ 174.472335935748106, -35.509754373748706 ], [ 174.472335457972804, -35.509754390401618 ], [ 174.472323929922283, -35.509754710322021 ], [ 174.472323451865549, -35.50975472019487 ], [ 174.472311918761847, -35.509754876533876 ], [ 174.472311440567495, -35.509754879623664 ], [ 174.472299905882323, -35.509754872334177 ], [ 174.472299427694452, -35.509754868639988 ], [ 174.472287894900006, -35.50975469772424 ], [ 174.472287416862486, -35.509754687247181 ], [ 174.472275889430392, -35.50975435275658 ], [ 174.472275411687122, -35.509754335499821 ], [ 174.472263893087444, -35.509753837535094 ], [ 174.472263415782209, -35.509753813503806 ], [ 174.472251909482253, -35.509753152214813 ], [ 174.47225143275881, -35.509753121416246 ], [ 174.472241575474328, -35.509752414183453 ], [ 174.472203315502014, -35.50975339376172 ], [ 174.472163684675735, -35.509754974369756 ], [ 174.472124093576269, -35.509757119719872 ], [ 174.472084554240496, -35.509759829159883 ], [ 174.472045078688524, -35.509763101866085 ], [ 174.472005678922386, -35.509766936843505 ], [ 174.471966366918423, -35.50977133292642 ], [ 174.471929586932077, -35.509775981371668 ], [ 174.471927735087149, -35.509776559091705 ], [ 174.471925689666421, -35.509777230293111 ], [ 174.471923658629947, -35.50977793008888 ], [ 174.471921642575523, -35.509778658273035 ], [ 174.471919642097077, -35.509779414631069 ], [ 174.471917657783791, -35.509780198940206 ], [ 174.471915690218651, -35.509781010970009 ], [ 174.471913739982114, -35.509781850480927 ], [ 174.471911807647359, -35.50978271722623 ], [ 174.471909893783447, -35.509783610950663 ], [ 174.471907998953924, -35.509784531391063 ], [ 174.47190612371628, -35.509785478276619 ], [ 174.471904268622637, -35.50978645132858 ], [ 174.471902434219203, -35.50978745026039 ], [ 174.471900621045478, -35.509788474778276 ], [ 174.471898829636302, -35.509789524580043 ], [ 174.47189706051762, -35.509790599357508 ], [ 174.471895314210968, -35.509791698793755 ], [ 174.471893591230526, -35.509792822565139 ], [ 174.471891892082823, -35.509793970341214 ], [ 174.471890217268481, -35.509795141783883 ], [ 174.471888567280757, -35.509796336548106 ], [ 174.471886942604669, -35.509797554282663 ], [ 174.471885343719208, -35.509798794628594 ], [ 174.471883771094127, -35.50980005722144 ], [ 174.471882225193156, -35.509801341688942 ], [ 174.471880706471097, -35.509802647653125 ], [ 174.47187921537477, -35.509803974729863 ], [ 174.47187775234346, -35.509805322528095 ], [ 174.471876317807698, -35.509806690651295 ], [ 174.471874912189577, -35.509808078696871 ], [ 174.471873535903256, -35.509809486255811 ], [ 174.471872189353405, -35.509810912914297 ], [ 174.471870872936591, -35.509812358252155 ], [ 174.47186958704043, -35.509813821843821 ], [ 174.47186819740071, -35.509815462192485 ], [ 174.471867386182652, -35.509816370479278 ], [ 174.47186622809707, -35.509817601430555 ], [ 174.471865239733347, -35.509818690796848 ], [ 174.471864274765977, -35.509819794098554 ], [ 174.471863333490091, -35.509820910998329 ], [ 174.471862416191072, -35.509822041157413 ], [ 174.471861523148732, -35.509823184231145 ], [ 174.471860654635151, -35.50982433987128 ], [ 174.471859810914452, -35.509825507726362 ], [ 174.471858992243739, -35.509826687440508 ], [ 174.471858198871928, -35.50982787865501 ], [ 174.471857431040945, -35.50982908100665 ], [ 174.471856688984474, -35.509830294129472 ], [ 174.471855972928154, -35.509831517654618 ], [ 174.471855283090434, -35.509832751208911 ], [ 174.471854619681068, -35.509833994417136 ], [ 174.471853982902132, -35.509835246900678 ], [ 174.471853372947606, -35.509836508278042 ], [ 174.471852790002913, -35.509837778165661 ], [ 174.471852234245773, -35.509839056176524 ], [ 174.471851705845438, -35.509840341921361 ], [ 174.471851204962604, -35.509841635009138 ], [ 174.471850731749896, -35.50984293504581 ], [ 174.471850286351327, -35.509844241635925 ], [ 174.471849868902552, -35.509845554381307 ], [ 174.471849479530704, -35.509846872882356 ], [ 174.471849118354186, -35.50984819673797 ], [ 174.471848785483132, -35.509849525544475 ], [ 174.47184848101881, -35.509850858897806 ], [ 174.471848205053931, -35.50985219639179 ], [ 174.471847957672537, -35.509853537619257 ], [ 174.471847738949947, -35.509854882171702 ], [ 174.471847548952695, -35.509856229640192 ], [ 174.471847387738705, -35.509857579613808 ], [ 174.471847255357034, -35.509858931682189 ], [ 174.471847151847982, -35.509860285433071 ], [ 174.471847077243098, -35.509861640454851 ], [ 174.471847031565062, -35.509862996334732 ], [ 174.471847014827773, -35.509864352659626 ], [ 174.471847027036347, -35.5098657090169 ], [ 174.471847068187117, -35.509867064993692 ], [ 174.471847138267464, -35.50986842017678 ], [ 174.471847237256128, -35.509869774153977 ], [ 174.471847365122898, -35.509871126512522 ], [ 174.471847521828948, -35.509872476841196 ], [ 174.471847707326475, -35.509873824728686 ], [ 174.471847921559004, -35.509875169764342 ], [ 174.47184816446142, -35.509876511539119 ], [ 174.471848435959629, -35.50987784964407 ], [ 174.471848735971037, -35.509879183671927 ], [ 174.471849064404324, -35.509880513216707 ], [ 174.471849421159448, -35.509881837873408 ], [ 174.471849806127835, -35.509883157238775 ], [ 174.47185021919222, -35.509884470911032 ], [ 174.471850660226949, -35.509885778490492 ], [ 174.471850879515273, -35.509886387002609 ], [ 174.471852428588875, -35.509889671816381 ], [ 174.471852592218426, -35.509890027707542 ], [ 174.471854459767997, -35.509894196006584 ], [ 174.471854616031379, -35.509894554104129 ], [ 174.471856397313758, -35.50989874757051 ], [ 174.471856546166578, -35.509899107772569 ], [ 174.471858240674806, -35.50990332521274 ], [ 174.471858382074629, -35.509903687416774 ], [ 174.47185998932639, -35.509907927630373 ], [ 174.471860123233, -35.509908291733318 ], [ 174.471861642770818, -35.509912553513551 ], [ 174.471861769146102, -35.50991291941174 ], [ 174.471863200537484, -35.509917201545591 ], [ 174.471863319345488, -35.50991756913492 ], [ 174.471864662183009, -35.509921870403652 ], [ 174.47186477338991, -35.509922239579446 ], [ 174.471866027291384, -35.509926558758856 ], [ 174.471866130865521, -35.509926929416089 ], [ 174.471867295474027, -35.509931265276848 ], [ 174.471867391385899, -35.509931637309997 ], [ 174.471868466369955, -35.509935988618032 ], [ 174.471868554592305, -35.509936361921227 ], [ 174.471869539645979, -35.509940727438092 ], [ 174.471869620153655, -35.509941101905092 ], [ 174.471870514996539, -35.509945480388303 ], [ 174.471870587766631, -35.509945855912491 ], [ 174.47187139214401, -35.509950246115856 ], [ 174.471871457155828, -35.509950622590388 ], [ 174.471872170838765, -35.509955023264361 ], [ 174.471872228073806, -35.509955400582079 ], [ 174.471872850859143, -35.509959810474164 ], [ 174.471872900301094, -35.509960188527664 ], [ 174.471873432011563, -35.509964606382724 ], [ 174.471873473646383, -35.5099649850644 ], [ 174.47187391413064, -35.509969409625036 ], [ 174.471873947946449, -35.509969788827135 ], [ 174.471874297079097, -35.509974218834067 ], [ 174.471874323066288, -35.50997459844865 ], [ 174.471874580747937, -35.509979032640985 ], [ 174.471874598899092, -35.509979412560014 ], [ 174.471874765056413, -35.509983849675699 ], [ 174.471874775366388, -35.50998422979103 ], [ 174.47187484995203, -35.509988668567232 ], [ 174.471874852417869, -35.509989048770677 ], [ 174.471874835410631, -35.509993487943994 ], [ 174.471874830031624, -35.509993868127367 ], [ 174.471874721436336, -35.509998306434355 ], [ 174.471874708214017, -35.509998686489411 ], [ 174.471874508061546, -35.510003122666852 ], [ 174.471874447385431, -35.510004001358112 ], [ 174.471874209232567, -35.510006561035055 ], [ 174.471874168802799, -35.510006950819545 ], [ 174.471873876349321, -35.510009506731066 ], [ 174.471873827651336, -35.510009895883108 ], [ 174.47187348098538, -35.510012447259108 ], [ 174.471873424033816, -35.510012835661421 ], [ 174.471873023259803, -35.510015381733233 ], [ 174.471872958071941, -35.510015769268755 ], [ 174.471872503310607, -35.510018309269284 ], [ 174.471872429905972, -35.51001869582128 ], [ 174.471871921294337, -35.510021228985245 ], [ 174.471871839695098, -35.510021614437285 ], [ 174.471871277386384, -35.510024140001498 ], [ 174.471871187617097, -35.510024524237387 ], [ 174.471870571780755, -35.510027041440893 ], [ 174.471870473868478, -35.510027424344933 ], [ 174.471869804689987, -35.510029932429376 ], [ 174.471869698664221, -35.510030313886176 ], [ 174.471868976345235, -35.510032812095865 ], [ 174.471868862237898, -35.510033191990516 ], [ 174.471868086996011, -35.510035679572788 ], [ 174.471867964841493, -35.510036057790778 ], [ 174.471867136910276, -35.510038533996166 ], [ 174.471867006745413, -35.510038910423624 ], [ 174.471866126374294, -35.510041374506066 ], [ 174.471865988238306, -35.510041749029462 ], [ 174.471865055692547, -35.51004420024659 ], [ 174.471864909626987, -35.510044572753223 ], [ 174.471863925187506, -35.510047010366506 ], [ 174.471863771236457, -35.510047380744048 ], [ 174.471862735199863, -35.510049804019054 ], [ 174.471862573409652, -35.510050172155914 ], [ 174.47186148608813, -35.51005258036254 ], [ 174.4718613165075, -35.51005294614788 ], [ 174.471860178228582, -35.510055338560605 ], [ 174.471860000908663, -35.510055701884149 ], [ 174.471858812015313, -35.510058077782126 ], [ 174.47185862700951, -35.510058438534422 ], [ 174.471857387859956, -35.510060797201831 ], [ 174.471857195223976, -35.510061155274236 ], [ 174.471855906191479, -35.510063496000463 ], [ 174.471855705983444, -35.510063851285004 ], [ 174.471854367456416, -35.510066173364805 ], [ 174.471854159736523, -35.51006652575456 ], [ 174.47185277211824, -35.510068828488315 ], [ 174.471852556949216, -35.510069177877 ], [ 174.471851120657703, -35.510071460570934 ], [ 174.471850898104293, -35.510071806853304 ], [ 174.471849413572329, -35.510074068819691 ], [ 174.471849183701522, -35.510074411891509 ], [ 174.471847651376379, -35.510076652448817 ], [ 174.471847414257553, -35.510076992206592 ], [ 174.471845834600828, -35.510079210679777 ], [ 174.471845590305378, -35.510079547021242 ], [ 174.471843963793077, -35.510081742741917 ], [ 174.471843712394559, -35.510082075565698 ], [ 174.471842039516673, -35.510084247872307 ], [ 174.471841781090887, -35.510084577078146 ], [ 174.471840062351447, -35.510086725316206 ], [ 174.471839796976269, -35.510087050804856 ], [ 174.471838032893089, -35.510089174327135 ], [ 174.471837760648413, -35.510089496000624 ], [ 174.471835951752979, -35.510091594167328 ], [ 174.471835672720857, -35.510091911928669 ], [ 174.471833819558242, -35.510093984107655 ], [ 174.471833533822689, -35.51009429786113 ], [ 174.471831636951151, -35.510096343428089 ], [ 174.471831344598314, -35.510096653079174 ], [ 174.471829404589386, -35.510098671417772 ], [ 174.471829105707371, -35.510098976873124 ], [ 174.471827123145488, -35.51010096737528 ], [ 174.471826817824251, -35.510101268543018 ], [ 174.471824793306752, -35.510103230609005 ], [ 174.471824633580837, -35.510103382709573 ], [ 174.471885673675899, -35.510152466363635 ], [ 174.471886006150214, -35.510152738314062 ], [ 174.471952459018354, -35.510208029428242 ], [ 174.4719527857701, -35.510208305976988 ], [ 174.472018075327128, -35.510264516036777 ], [ 174.472018396261149, -35.510264797103339 ], [ 174.47208250350036, -35.510321909747184 ], [ 174.472082838684997, -35.510322213859247 ], [ 174.472132372060372, -35.51036798449217 ], [ 174.472156009072506, -35.510365939713168 ], [ 174.472193515891547, -35.510362171464436 ], [ 174.472230939711096, -35.510357886915045 ], [ 174.472268269902486, -35.510353087281857 ], [ 174.472305236312621, -35.510347810974366 ], [ 174.472313382660133, -35.510346399680422 ], [ 174.472321754915697, -35.510344827955123 ], [ 174.472330093501768, -35.510343140802981 ], [ 174.472338396036093, -35.510341338705977 ], [ 174.472346660151572, -35.510339422177886 ], [ 174.472354883486105, -35.510337391766519 ], [ 174.472363063695383, -35.51033524805073 ], [ 174.472371198442346, -35.510332991642912 ], [ 174.472379285405481, -35.510330623187045 ], [ 174.472387322277228, -35.510328143358976 ], [ 174.472395306763076, -35.510325552866647 ], [ 174.472403236583403, -35.510322852449683 ], [ 174.472411109475388, -35.510320042878668 ], [ 174.472418923191441, -35.510317124955698 ], [ 174.472426675501481, -35.510314099513558 ], [ 174.472434364192594, -35.510310967415897 ], [ 174.472441987069885, -35.510307729556821 ], [ 174.472449541957957, -35.510304386860319 ], [ 174.472457026700198, -35.510300940280622 ], [ 174.472464439159779, -35.510297390801732 ], [ 174.472471777221017, -35.510293739436698 ], [ 174.47247903878943, -35.510289987227786 ], [ 174.472486221792565, -35.510286135245849 ], [ 174.472493324180135, -35.510282184590373 ], [ 174.472500343924253, -35.510278136389431 ], [ 174.472507279021642, -35.510273991798208 ], [ 174.472514127492474, -35.510269751999971 ], [ 174.472520887382387, -35.510265418204625 ], [ 174.472527737543032, -35.510260871662325 ], [ 174.472535200704812, -35.51025733894847 ], [ 174.47254363372798, -35.510255864829944 ], [ 174.472552211130051, -35.510256593603586 ], [ 174.472560093295868, -35.510259453932022 ], [ 174.472566508664528, -35.510264165826527 ], [ 174.472570829255204, -35.510270268054349 ], [ 174.472572632138025, -35.510277163287135 ], [ 174.472571740833615, -35.510284176571595 ], [ 174.472568242588466, -35.510290621398518 ], [ 174.472562479834664, -35.510295866903185 ], [ 174.472555448891626, -35.51030053343456 ], [ 174.472555084875154, -35.510300770894467 ], [ 174.47254795851444, -35.510305339637213 ], [ 174.472547589643426, -35.510305572034845 ], [ 174.472540369899178, -35.510310041684825 ], [ 174.472539996278954, -35.510310268953866 ], [ 174.472532685211945, -35.510314638235272 ], [ 174.472532306949148, -35.510314860310828 ], [ 174.472524906646242, -35.510319127976494 ], [ 174.472524523848847, -35.510319344795178 ], [ 174.472517036422403, -35.510323509626929 ], [ 174.472516649199662, -35.510323721126859 ], [ 174.472509076786878, -35.510327781935885 ], [ 174.472508685249323, -35.510327988056687 ], [ 174.472501030011614, -35.510331943683866 ], [ 174.472500634271029, -35.510332144366707 ], [ 174.47249289839354, -35.510335993682929 ], [ 174.472492498562843, -35.510336188870554 ], [ 174.472484684253715, -35.510339930777072 ], [ 174.472484280447048, -35.51034012041373 ], [ 174.472476389936759, -35.510343753842449 ], [ 174.47247598226943, -35.510343937873998 ], [ 174.472468017810229, -35.510347461787795 ], [ 174.472467606398567, -35.51034764016174 ], [ 174.472459570263879, -35.510351053554736 ], [ 174.472459155225295, -35.510351226220145 ], [ 174.472451049708923, -35.510354528118022 ], [ 174.472450631161934, -35.510354695025605 ], [ 174.472442458577518, -35.510357884485884 ], [ 174.472442036641553, -35.510358045588006 ], [ 174.472433799321891, -35.510361121700242 ], [ 174.472433374117401, -35.510361276950924 ], [ 174.472425074413735, -35.510364238837084 ], [ 174.472424646062109, -35.510364388192002 ], [ 174.472416286343531, -35.51036723500664 ], [ 174.472415854967039, -35.510367378423162 ], [ 174.472407437619722, -35.510370109353687 ], [ 174.472407003341488, -35.51037024679087 ], [ 174.472398530768118, -35.510372861057775 ], [ 174.472398093712059, -35.510372992476384 ], [ 174.472389568331039, -35.510375489333413 ], [ 174.472389128621955, -35.51037561469596 ], [ 174.472380552866809, -35.510377993430417 ], [ 174.472380110630155, -35.510378112701119 ], [ 174.472371486948759, -35.510380372634017 ], [ 174.472371042310812, -35.510380485778789 ], [ 174.472362373164685, -35.510382626265049 ], [ 174.472361926252375, -35.510382733251646 ], [ 174.472353214116026, -35.510384753680277 ], [ 174.472352765056939, -35.510384854478126 ], [ 174.472344012417182, -35.510386754272417 ], [ 174.472343561339443, -35.510386848852768 ], [ 174.472334770694687, -35.510388627470441 ], [ 174.472334317727046, -35.510388715806286 ], [ 174.472325491586474, -35.510390372739643 ], [ 174.47232503685828, -35.510390454805759 ], [ 174.472316177741249, -35.510391989581855 ], [ 174.472315204404651, -35.510392143305367 ], [ 174.472277520805136, -35.510397521979684 ], [ 174.472277062542929, -35.510397584139547 ], [ 174.472239273429153, -35.510402442778059 ], [ 174.472238813950753, -35.510402498614333 ], [ 174.472200930056687, -35.51040683583691 ], [ 174.472200469492691, -35.510406885333744 ], [ 174.472177949226676, -35.510409147909797 ], [ 174.472213849090565, -35.51044118782508 ], [ 174.472281138917936, -35.510499197939978 ], [ 174.472349811240747, -35.510556387808734 ], [ 174.47235066477208, -35.510557131564646 ], [ 174.472361037868353, -35.51056659067229 ], [ 174.472371446271296, -35.510575768370828 ], [ 174.472382040970416, -35.510584802433655 ], [ 174.472392819002295, -35.510593690333764 ], [ 174.47240377735028, -35.5106024295835 ], [ 174.47241491294821, -35.510611017737595 ], [ 174.472426222680838, -35.510619452393399 ], [ 174.47243770338315, -35.510627731190439 ], [ 174.472449351843323, -35.510635851812637 ], [ 174.472461164801814, -35.510643811987599 ], [ 174.472473138952495, -35.510651609487446 ], [ 174.472485270946692, -35.510659242131553 ], [ 174.472497557388436, -35.510666707783287 ], [ 174.472509994839811, -35.510674004353724 ], [ 174.472522579821685, -35.510681129801746 ], [ 174.472535308812468, -35.510688082133441 ], [ 174.472548178249497, -35.510694859402932 ], [ 174.47256066038068, -35.510701193722497 ], [ 174.472563360391803, -35.510702382605793 ], [ 174.472566625635011, -35.510703761133996 ], [ 174.472569919653523, -35.510705093109451 ], [ 174.472573241454512, -35.510706378130699 ], [ 174.472576590036766, -35.510707615810389 ], [ 174.472579964391315, -35.5107088057756 ], [ 174.472583363501258, -35.510709947667735 ], [ 174.472586786341509, -35.510711041142429 ], [ 174.472590231881469, -35.510712085870445 ], [ 174.472593699082495, -35.510713081536849 ], [ 174.472597186899947, -35.510714027841637 ], [ 174.472600694282335, -35.510714924499538 ], [ 174.472604220172826, -35.510715771240399 ], [ 174.472607763509615, -35.510716567809169 ], [ 174.472611323222793, -35.51071731396538 ], [ 174.472614898242, -35.510718009484634 ], [ 174.472618487488404, -35.510718654157067 ], [ 174.472622089880844, -35.510719247788487 ], [ 174.472625704333893, -35.510719790200028 ], [ 174.472629329758348, -35.510720281228224 ], [ 174.472632965060143, -35.510720720724905 ], [ 174.472636609146406, -35.510721108557945 ], [ 174.472640260916307, -35.510721444610198 ], [ 174.472643919271746, -35.510721728780602 ], [ 174.472647583108085, -35.510721960983339 ], [ 174.472651251322645, -35.510722141148527 ], [ 174.472654922809937, -35.51072226922188 ], [ 174.472658596461685, -35.510722345164751 ], [ 174.472662271173931, -35.510722368954291 ], [ 174.472665945835928, -35.510722340583307 ], [ 174.472669619342867, -35.510722260060376 ], [ 174.472673290586528, -35.510722127409757 ], [ 174.472676958461079, -35.510721942671374 ], [ 174.472680621859979, -35.510721705901027 ], [ 174.472684279680493, -35.510721417169947 ], [ 174.472687930820712, -35.510721076565112 ], [ 174.47269157417827, -35.510720684189373 ], [ 174.472695208656887, -35.510720240160794 ], [ 174.472698833160706, -35.510719744613247 ], [ 174.472702446598163, -35.510719197695991 ], [ 174.47270604787937, -35.510718599573956 ], [ 174.472709635919301, -35.510717950427392 ], [ 174.472713209636908, -35.510717250451854 ], [ 174.472716767955006, -35.510716499858319 ], [ 174.472720309801332, -35.510715698872993 ], [ 174.472723834108791, -35.510714847737198 ], [ 174.472727339814952, -35.510713946707504 ], [ 174.472730825862726, -35.510712996055609 ], [ 174.472734291203267, -35.510711996067528 ], [ 174.472737734790712, -35.510710947045077 ], [ 174.472741155588267, -35.510709849304099 ], [ 174.472744552564251, -35.510708703175624 ], [ 174.472747924695426, -35.510707509004931 ], [ 174.472751270965063, -35.510706267152074 ], [ 174.472754590365781, -35.510704977990876 ], [ 174.472757881896428, -35.510703641910183 ], [ 174.472761144565311, -35.510702259312545 ], [ 174.472764377388586, -35.510700830614866 ], [ 174.472767579393491, -35.510699356247052 ], [ 174.47277074961346, -35.510697836654145 ], [ 174.472773887094206, -35.510696272293565 ], [ 174.472776990889287, -35.510694663637231 ], [ 174.472780060064537, -35.510693011169323 ], [ 174.472783093694062, -35.510691315388321 ], [ 174.472786090864133, -35.510689576804999 ], [ 174.472789050671281, -35.510687795943447 ], [ 174.472791972223547, -35.510685973340337 ], [ 174.472794854640597, -35.510684109544862 ], [ 174.472797697053693, -35.510682205118776 ], [ 174.47280049860646, -35.510680260635858 ], [ 174.472803258455031, -35.51067827668178 ], [ 174.472805975766221, -35.510676253855507 ], [ 174.472808649722793, -35.510674192765435 ], [ 174.472811279517686, -35.510672094033623 ], [ 174.47281386435958, -35.510669958291608 ], [ 174.472816403468698, -35.510667786183646 ], [ 174.472818896079502, -35.510665578364694 ], [ 174.472821341442085, -35.510663335498982 ], [ 174.472823738818533, -35.510661058263238 ], [ 174.472826087486453, -35.510658747343726 ], [ 174.47282838673857, -35.51065640343635 ], [ 174.472830635881337, -35.510654027248151 ], [ 174.472832834237693, -35.510651619494368 ], [ 174.472834981144388, -35.510649180901495 ], [ 174.472837075955027, -35.510646712203766 ], [ 174.472839118037967, -35.510644214145543 ], [ 174.472841106778134, -35.510641687479151 ], [ 174.472843041575743, -35.510639132966823 ], [ 174.472844921848264, -35.510636551377459 ], [ 174.472846865858202, -35.510633773701564 ], [ 174.472847775201416, -35.510632564414422 ], [ 174.47285572122226, -35.510622707317985 ], [ 174.472855979422093, -35.510622392803754 ], [ 174.472864126941147, -35.510612646297517 ], [ 174.472864391569601, -35.510612335376031 ], [ 174.472872738285048, -35.51060270221339 ], [ 174.472873009267374, -35.510602394972466 ], [ 174.47288155282115, -35.510592877874892 ], [ 174.472881830080752, -35.510592574401329 ], [ 174.472890568059171, -35.510583176057452 ], [ 174.472890851517747, -35.510582876436963 ], [ 174.472899781452213, -35.510573599501889 ], [ 174.47290007102967, -35.510573303819157 ], [ 174.472909190397303, -35.51056415091368 ], [ 174.472909486011872, -35.51056385925223 ], [ 174.472918792236328, -35.5105548329621 ], [ 174.47291909380445, -35.51055454540429 ], [ 174.472928584256607, -35.510545648279518 ], [ 174.47292889169313, -35.510545364906626 ], [ 174.472938563691827, -35.510536599460671 ], [ 174.472938876909808, -35.510536320352763 ], [ 174.472948727722553, -35.510527689061924 ], [ 174.47294904663363, -35.510527414297805 ], [ 174.472959073477426, -35.5105189196005 ], [ 174.472959397991417, -35.510518649257811 ], [ 174.472969598033615, -35.510510293553835 ], [ 174.472969928058859, -35.510510027708953 ], [ 174.472980298417809, -35.510501813358843 ], [ 174.472980633861056, -35.510501552086865 ], [ 174.472991171606992, -35.510493481411217 ], [ 174.472991512373483, -35.510493224785975 ], [ 174.473002214529401, -35.510485300064808 ], [ 174.4730025605229, -35.510485048158749 ], [ 174.4730134240653, -35.510477271630855 ], [ 174.473013775188008, -35.510477024515176 ], [ 174.473024370883991, -35.510469693244644 ], [ 174.473026301084019, -35.510468244063354 ], [ 174.473026655643565, -35.51046798245526 ], [ 174.473029033954475, -35.510466257972894 ], [ 174.473029394004413, -35.510466001426934 ], [ 174.473031808500679, -35.510464310896133 ], [ 174.473032173932751, -35.510464059489451 ], [ 174.473034623889419, -35.510462403417705 ], [ 174.473034994594116, -35.510462157225653 ], [ 174.473037479275689, -35.51046053611018 ], [ 174.473037855141513, -35.510460295206798 ], [ 174.473040373802064, -35.510458709534277 ], [ 174.473040754716436, -35.510458473991712 ], [ 174.473043306599777, -35.510456924238198 ], [ 174.473043692448073, -35.510456694127363 ], [ 174.473046276788097, -35.510455180758093 ], [ 174.473046667454611, -35.51045495614796 ], [ 174.473049283475433, -35.510453479617304 ], [ 174.47304967884287, -35.510453260575325 ], [ 174.473052325759113, -35.510451821326541 ], [ 174.47305272570884, -35.510451607918434 ], [ 174.47305540272589, -35.510450206383631 ], [ 174.47305580713774, -35.510449998673501 ], [ 174.473058513451861, -35.510448635273455 ], [ 174.473058922204302, -35.510448433323738 ], [ 174.473061657003058, -35.51044710846773 ], [ 174.473062069973707, -35.510446912338885 ], [ 174.473064832436023, -35.510445626424683 ], [ 174.473065249500536, -35.510445436175765 ], [ 174.473068038797095, -35.510444189589421 ], [ 174.473068459830557, -35.510444005277407 ], [ 174.473071275123914, -35.510442798393171 ], [ 174.473071699999792, -35.510442620073469 ], [ 174.473074540444799, -35.510441453253662 ], [ 174.473074969035451, -35.510441280979833 ], [ 174.473077833779314, -35.510440154574745 ], [ 174.473078265956246, -35.510439988398439 ], [ 174.473081154138924, -35.510438902746266 ], [ 174.473081589772278, -35.510438742717419 ], [ 174.473084500526681, -35.510437698144067 ], [ 174.473084939485801, -35.510437544310662 ], [ 174.473087871938105, -35.510436541129735 ], [ 174.473088314090944, -35.510436393538058 ], [ 174.473091267360758, -35.510435432050748 ], [ 174.473091712574728, -35.510435290745036 ], [ 174.473094685775379, -35.510434371239988 ], [ 174.473095133917013, -35.510434236262618 ], [ 174.473098126155975, -35.510433359015884 ], [ 174.473098577090411, -35.510433230407486 ], [ 174.473101587469301, -35.510432395682415 ], [ 174.473102041061281, -35.510432273481563 ], [ 174.473105068676318, -35.510431481528755 ], [ 174.473105524789702, -35.510431365772128 ], [ 174.473108568731959, -35.510430616829368 ], [ 174.473109027229896, -35.510430507551668 ], [ 174.473112086585559, -35.510429801843785 ], [ 174.473112547330146, -35.510429699077896 ], [ 174.47311562118071, -35.510429036816767 ], [ 174.473116084033848, -35.510428940593492 ], [ 174.473119171456545, -35.510428321977926 ], [ 174.473119636279165, -35.510428232326184 ], [ 174.473122736346994, -35.510427657541896 ], [ 174.473123202999602, -35.510427574488595 ], [ 174.47312631478195, -35.510427043708148 ], [ 174.473126783124428, -35.510426967278228 ], [ 174.473129905687045, -35.510426480660975 ], [ 174.473130375578819, -35.510426410877344 ], [ 174.473133507984272, -35.510425968569386 ], [ 174.473133979284171, -35.510425905453047 ], [ 174.473137120592014, -35.510425507587158 ], [ 174.473137593158725, -35.510425451157019 ], [ 174.473140742425926, -35.510425097852668 ], [ 174.473141216117369, -35.510425048125683 ], [ 174.473144372398451, -35.510424739488911 ], [ 174.473144847072604, -35.510424696480015 ], [ 174.473148009419987, -35.510424432603493 ], [ 174.473148484934171, -35.510424396325583 ], [ 174.473151652398485, -35.51042417728852 ], [ 174.473152128610138, -35.510424147752495 ], [ 174.47315530024045, -35.510423973620682 ], [ 174.473155777006355, -35.510423950835431 ], [ 174.473158951850422, -35.510423821661107 ], [ 174.47315942902776, -35.51042380563343 ], [ 174.473162606132519, -35.510423721455396 ], [ 174.473163083577703, -35.510423712190132 ], [ 174.47316626198932, -35.510423673033628 ], [ 174.473166739559247, -35.510423670533584 ], [ 174.473169918323492, -35.510423676410397 ], [ 174.473170395874774, -35.510423680676283 ], [ 174.473173574037276, -35.510423731584645 ], [ 174.473174051426298, -35.510423742615181 ], [ 174.473175913869341, -35.510423798855754 ], [ 174.473178672791903, -35.510423666887405 ], [ 174.473182503815167, -35.510423429594482 ], [ 174.473186329287927, -35.510423138540588 ], [ 174.473190148084825, -35.510422793811316 ], [ 174.473193959076156, -35.510422395508662 ], [ 174.473197761140312, -35.510421943749833 ], [ 174.47320155315407, -35.51042143866831 ], [ 174.473205334000568, -35.510420880412831 ], [ 174.473209102563885, -35.510420269148177 ], [ 174.473212857731056, -35.510419605054885 ], [ 174.473216598396021, -35.510418888328552 ], [ 174.473220323455564, -35.510418119180549 ], [ 174.473224031809934, -35.510417297837961 ], [ 174.473227722365635, -35.510416424542974 ], [ 174.4732313940344, -35.510415499553119 ], [ 174.473235045732451, -35.510414523141421 ], [ 174.473238676383886, -35.510413495595557 ], [ 174.473242284916523, -35.510412417218959 ], [ 174.473245870266027, -35.510411288329728 ], [ 174.47324943137636, -35.510410109260356 ], [ 174.473252967195094, -35.510408880359279 ], [ 174.473256476680262, -35.510407601988682 ], [ 174.473259958797684, -35.510406274525252 ], [ 174.473263412517781, -35.510404898361486 ], [ 174.473267047790642, -35.510403386143544 ], [ 174.473275250941725, -35.510401211329842 ], [ 174.473283874540812, -35.510401215617961 ], [ 174.473292074450598, -35.510403398588153 ], [ 174.473299048007334, -35.510407546556223 ], [ 174.473304112590938, -35.510413253490405 ], [ 174.473306772444516, -35.510419960756494 ], [ 174.473306767202502, -35.510427011800736 ], [ 174.473304097377309, -35.510433716417786 ], [ 174.473299024309512, -35.51043941831287 ], [ 174.473292044586145, -35.510443559344537 ], [ 174.473288198345443, -35.510445159322117 ], [ 174.473287774599783, -35.510445331864616 ], [ 174.47328389531998, -35.510446877596458 ], [ 174.47328346801271, -35.5104470441632 ], [ 174.473279556838037, -35.510448535193348 ], [ 174.473279126095235, -35.510448695735143 ], [ 174.473275184179386, -35.51045013162382 ], [ 174.473274750127956, -35.510450286093366 ], [ 174.473270778633662, -35.510451666417012 ], [ 174.473270341401786, -35.510451814768722 ], [ 174.473266341500533, -35.510453139120187 ], [ 174.473265901217104, -35.510453281310312 ], [ 174.473261874088706, -35.510454549298935 ], [ 174.473261430883582, -35.510454685285552 ], [ 174.473257377715953, -35.51045589653733 ], [ 174.473256931719931, -35.510456026280295 ], [ 174.473252853708573, -35.51045718043796 ], [ 174.473252405053131, -35.510457303899017 ], [ 174.473248303400965, -35.510458400622106 ], [ 174.473247852218549, -35.510458517764825 ], [ 174.473243728135401, -35.510459556729849 ], [ 174.473243274558968, -35.510459667519697 ], [ 174.473239129261373, -35.510460648420199 ], [ 174.47323867342476, -35.510460752824486 ], [ 174.473234508135391, -35.510461675371133 ], [ 174.473234050173147, -35.510461773359047 ], [ 174.473229866120647, -35.510462637279709 ], [ 174.473229406167718, -35.510462728822375 ], [ 174.473225204586242, -35.510463533862222 ], [ 174.473224742778342, -35.510463618932626 ], [ 174.473220524907276, -35.510464364854187 ], [ 174.473220061380715, -35.510464443427232 ], [ 174.473215828464106, -35.510465130010523 ], [ 174.473215363355507, -35.510465202063031 ], [ 174.473211116642005, -35.510465829105478 ], [ 174.473210650088589, -35.510465894616203 ], [ 174.473206390830853, -35.510466461932879 ], [ 174.473205922970209, -35.510466520882488 ], [ 174.473201652424564, -35.510467028306053 ], [ 174.473201183394707, -35.510467080677174 ], [ 174.473196902820774, -35.51046752805793 ], [ 174.473196432760119, -35.510467573835122 ], [ 174.473192143420619, -35.510467961041108 ], [ 174.473191672467806, -35.510468000210842 ], [ 174.473187375627901, -35.510468327127874 ], [ 174.473186903921743, -35.510468359678597 ], [ 174.473182600848901, -35.510468626210233 ], [ 174.473182128528606, -35.510468652132353 ], [ 174.473177820492083, -35.510468858199971 ], [ 174.473175193511764, -35.510468881312221 ], [ 174.473172255539339, -35.510468792593713 ], [ 174.473169554881281, -35.510468749334123 ], [ 174.473166853712485, -35.510468744340308 ], [ 174.47316415284206, -35.510468777613752 ], [ 174.473161453083065, -35.510468849144466 ], [ 174.473158755245322, -35.510468958910948 ], [ 174.473156060137939, -35.510469106880301 ], [ 174.473153368570166, -35.510469293008114 ], [ 174.473150681351711, -35.510469517238384 ], [ 174.473147999287477, -35.510469779503914 ], [ 174.473145323183388, -35.510470079725934 ], [ 174.473142653842928, -35.510470417814304 ], [ 174.473139992067047, -35.510470793667558 ], [ 174.473137338655334, -35.510471207172813 ], [ 174.473134694404649, -35.510471658205859 ], [ 174.473132060107531, -35.510472146631543 ], [ 174.473129436556718, -35.510472672302853 ], [ 174.473126824538127, -35.510473235062356 ], [ 174.473124224837505, -35.510473834740708 ], [ 174.473121638233408, -35.510474471158375 ], [ 174.473119065503852, -35.510475144123902 ], [ 174.473116507421395, -35.51047585343521 ], [ 174.473113964752713, -35.510476598879706 ], [ 174.473111438262237, -35.510477380233304 ], [ 174.473108928708314, -35.510478197261463 ], [ 174.473106436844319, -35.510479049718867 ], [ 174.473103963417628, -35.510479937349892 ], [ 174.473101509171613, -35.510480859887764 ], [ 174.473099074842821, -35.510481817055627 ], [ 174.47309666116243, -35.510482808565932 ], [ 174.473094268854766, -35.510483834121175 ], [ 174.47309189863762, -35.510484893413683 ], [ 174.473089551223552, -35.510485986124927 ], [ 174.473087227316341, -35.510487111927326 ], [ 174.473084927614508, -35.510488270482497 ], [ 174.473082652807506, -35.510489461443107 ], [ 174.473080403579218, -35.510490684451128 ], [ 174.473078180604574, -35.51049193913952 ], [ 174.473075984550178, -35.510493225132088 ], [ 174.473073816076891, -35.510494542041826 ], [ 174.47307167583466, -35.510495889474015 ], [ 174.473069564465845, -35.510497267024235 ], [ 174.473067482604847, -35.510498674278615 ], [ 174.473065430877142, -35.510500110814313 ], [ 174.473063409897065, -35.510501576201243 ], [ 174.473061244379409, -35.510503202058047 ], [ 174.473060407003885, -35.510503805660392 ], [ 174.473049561974364, -35.510511309449853 ], [ 174.473039047013771, -35.510518836452476 ], [ 174.47302868826165, -35.510526506893122 ], [ 174.473018488643959, -35.510534318605167 ], [ 174.473008451042801, -35.510542269381354 ], [ 174.47299857829384, -35.510550356975536 ], [ 174.472988873185415, -35.510558579103616 ], [ 174.472979338460476, -35.510566933441837 ], [ 174.472969976812038, -35.510575417630641 ], [ 174.47296079088494, -35.510584029273041 ], [ 174.472951783274453, -35.510592765936174 ], [ 174.47294295652523, -35.510601625151978 ], [ 174.472934313131105, -35.510610604417487 ], [ 174.4729258555341, -35.510619701195871 ], [ 174.472917586123316, -35.510628912917468 ], [ 174.47290950723476, -35.510638236980213 ], [ 174.47290162115155, -35.510647670749236 ], [ 174.472894280590623, -35.510656776774908 ], [ 174.472892649121974, -35.510659107881843 ], [ 174.47289240787623, -35.510659445746128 ], [ 174.47289028277234, -35.510662363488102 ], [ 174.472890034389906, -35.510662697877358 ], [ 174.472887847660786, -35.510665585017072 ], [ 174.472887592216495, -35.510665915830529 ], [ 174.472885344521075, -35.510668771497947 ], [ 174.472885082091892, -35.510669098635937 ], [ 174.472882774107632, -35.510671921970442 ], [ 174.472882504772684, -35.510672245334305 ], [ 174.472880137195062, -35.510675035485079 ], [ 174.472879861035437, -35.510675354977472 ], [ 174.472877434577924, -35.510678111103672 ], [ 174.472877151676926, -35.510678426628246 ], [ 174.472874667070755, -35.510681147899298 ], [ 174.472874377513591, -35.51068145936096 ], [ 174.472871835507533, -35.510684144956784 ], [ 174.472871539381458, -35.510684452261714 ], [ 174.472868940741535, -35.510687101372973 ], [ 174.472868638135822, -35.510687404428509 ], [ 174.472865983645193, -35.510690016256881 ], [ 174.47286567465099, -35.510690314971768 ], [ 174.472862965109556, -35.510692888730134 ], [ 174.472862649820058, -35.510693183014276 ], [ 174.472859886044375, -35.510695717927035 ], [ 174.472859564554483, -35.510696007691806 ], [ 174.472856747377421, -35.510698502995012 ], [ 174.472856419784108, -35.510698788153078 ], [ 174.47285355005468, -35.510701243094751 ], [ 174.472853216456684, -35.510701523560115 ], [ 174.472850295039706, -35.510703937400471 ], [ 174.47284995553747, -35.510704213088687 ], [ 174.472846983313275, -35.510706585100259 ], [ 174.472846638009173, -35.510706855928234 ], [ 174.472843615873501, -35.510709185396188 ], [ 174.472843264871557, -35.510709451282267 ], [ 174.47284019373518, -35.510711737504629 ], [ 174.472839837141237, -35.510711998368699 ], [ 174.472836717929624, -35.510714240656483 ], [ 174.472836355851001, -35.510714496419993 ], [ 174.472833189504172, -35.510716694097454 ], [ 174.472832822050208, -35.510716944683182 ], [ 174.472829609522307, -35.51071909708805 ], [ 174.472829236803506, -35.510719342420643 ], [ 174.472825979062748, -35.510721448904235 ], [ 174.472825601191602, -35.510721688909662 ], [ 174.4728222992197, -35.510723748837208 ], [ 174.472821916310011, -35.510723983443143 ], [ 174.47281857110201, -35.510725996193848 ], [ 174.47281818326914, -35.510726225329655 ], [ 174.472814795833159, -35.510728190296945 ], [ 174.472814403194036, -35.510728413893524 ], [ 174.472810974550953, -35.510730330485245 ], [ 174.472810577223925, -35.510730548475181 ], [ 174.472807108406926, -35.510732416113761 ], [ 174.472806706511648, -35.510732628431448 ], [ 174.47280319856614, -35.510734446554039 ], [ 174.47280279222386, -35.510734653135387 ], [ 174.472799246206961, -35.510736421194103 ], [ 174.472798835539891, -35.510736621976989 ], [ 174.472795252520228, -35.51073833943898 ], [ 174.47279483765243, -35.510738534362758 ], [ 174.472791218709773, -35.510740200710472 ], [ 174.47279079976613, -35.51074038971646 ], [ 174.472787145991106, -35.510742004447728 ], [ 174.472786723097755, -35.510742187479018 ], [ 174.472783035591448, -35.510743750107196 ], [ 174.472782608876031, -35.510743927108543 ], [ 174.47277888874973, -35.51074543716274 ], [ 174.472778458340713, -35.51074560808086 ], [ 174.472774706715484, -35.51074706510601 ], [ 174.472774272742555, -35.51074722988939 ], [ 174.472770490748985, -35.51074863344639 ], [ 174.472770053343027, -35.510748792045348 ], [ 174.472766242120855, -35.510750141711235 ], [ 174.472765801413686, -35.510750294077972 ], [ 174.472761962111463, -35.510751589446002 ], [ 174.472761518235814, -35.510751735534633 ], [ 174.472757652010529, -35.510752976214448 ], [ 174.472757205100208, -35.510753115980918 ], [ 174.472753313117011, -35.51075430159861 ], [ 174.47275286330671, -35.510754435000806 ], [ 174.472748946738506, -35.510755565199098 ], [ 174.472748494163767, -35.51075569219681 ], [ 174.472744554190825, -35.510756766635083 ], [ 174.472744098987931, -35.510756887190077 ], [ 174.472740136797597, -35.510757905544537 ], [ 174.47273967910391, -35.51075801962044 ], [ 174.472735695890208, -35.510758981584239 ], [ 174.472735235843601, -35.510759089146674 ], [ 174.472731232806922, -35.510759994429854 ], [ 174.472730770546008, -35.510760095446443 ], [ 174.47272674889274, -35.510760943776212 ], [ 174.472726284556813, -35.510761038216494 ], [ 174.472722245498886, -35.510761829337213 ], [ 174.472721779227811, -35.510761917172729 ], [ 174.472717723982441, -35.510762650845969 ], [ 174.472717255917019, -35.51076273205021 ], [ 174.472713185706311, -35.510763408054878 ], [ 174.4727127159872, -35.510763482603444 ], [ 174.472708632037779, -35.510764100735827 ], [ 174.472708160806775, -35.510764168606187 ], [ 174.472704064349301, -35.510764728679987 ], [ 174.472703591748399, -35.510764789851727 ], [ 174.472699484017426, -35.510765291698164 ], [ 174.472699010188961, -35.510765346152844 ], [ 174.472694892422396, -35.510765789620685 ], [ 174.472694417509274, -35.510765837341886 ], [ 174.472690290948037, -35.510766222297498 ], [ 174.472689815093332, -35.510766263270824 ], [ 174.472685680981016, -35.510766589598184 ], [ 174.472685204328002, -35.510766623811321 ], [ 174.472681063910443, -35.510766891412089 ], [ 174.472680586603019, -35.510766918854699 ], [ 174.472676441128016, -35.510767127648236 ], [ 174.472675963309825, -35.510767148312063 ], [ 174.472671814026597, -35.510767298235436 ], [ 174.472671335841653, -35.510767312114247 ], [ 174.47266718400067, -35.51076740312228 ], [ 174.472666705593213, -35.510767410211884 ], [ 174.472662552445627, -35.510767442277157 ], [ 174.472662073959697, -35.51076744257545 ], [ 174.472657920757172, -35.510767415688292 ], [ 174.472657442336953, -35.510767409195147 ], [ 174.472653290331039, -35.510767323363652 ], [ 174.472652812120828, -35.510767310081043 ], [ 174.47264866256279, -35.510767165331103 ], [ 174.472648184706685, -35.510767145263031 ], [ 174.472644038847051, -35.510766941638245 ], [ 174.472643561488837, -35.510766914790757 ], [ 174.472639420576996, -35.510766652352494 ], [ 174.472638943860858, -35.510766618733683 ], [ 174.472634809144722, -35.510766297561034 ], [ 174.472634333214103, -35.510766257181018 ], [ 174.47263020593968, -35.510765877370773 ], [ 174.472629730938024, -35.510765830241745 ], [ 174.472625612349162, -35.510765391908365 ], [ 174.472625138419744, -35.510765338044507 ], [ 174.472621029757534, -35.510764841320075 ], [ 174.472620557043058, -35.510764780737645 ], [ 174.472616459545719, -35.510764225771851 ], [ 174.472615988188693, -35.510764158489081 ], [ 174.472611903091092, -35.51076354544918 ], [ 174.472611433233567, -35.510763471486356 ], [ 174.472607361766762, -35.51076280055711 ], [ 174.472606893550278, -35.510762719936501 ], [ 174.472602836941263, -35.510761991320088 ], [ 174.472602370506962, -35.510761904066015 ], [ 174.472598329978211, -35.510761117982 ], [ 174.472597865466668, -35.510761024120754 ], [ 174.472593842235824, -35.510760180806038 ], [ 174.472593379786986, -35.510760080365898 ], [ 174.472589375066548, -35.510759180074629 ], [ 174.472588914819823, -35.510759073085865 ], [ 174.472584929816577, -35.510758116089349 ], [ 174.472584471910693, -35.510758002584204 ], [ 174.472580507825597, -35.510756989170829 ], [ 174.472580052398484, -35.510756869183524 ], [ 174.472576110426132, -35.510755799658718 ], [ 174.472575657614954, -35.510755673225368 ], [ 174.472571738943344, -35.510754547911418 ], [ 174.47257128888478, -35.510754415070174 ], [ 174.472567394694778, -35.510753234306222 ], [ 174.472566947524342, -35.510753095097101 ], [ 174.472563078989566, -35.510751859238965 ], [ 174.472562634841978, -35.510751713703932 ], [ 174.472558793128229, -35.510750423124058 ], [ 174.472558352137298, -35.510750271306939 ], [ 174.472554538402306, -35.510748926394257 ], [ 174.472554100701075, -35.510748768340825 ], [ 174.4725503160941, -35.510747369500614 ], [ 174.472549881814359, -35.510747205258497 ], [ 174.472546127475994, -35.510745752912356 ], [ 174.47254569674871, -35.510745582531058 ], [ 174.472541973810337, -35.51074407711662 ], [ 174.472541546765285, -35.510743900647483 ], [ 174.47253785634885, -35.510742342618471 ], [ 174.47253743311461, -35.510742160114638 ], [ 174.472533776332199, -35.510740549940543 ], [ 174.472532310181265, -35.510739856010275 ], [ 174.472518912141339, -35.51073305689269 ], [ 174.47251852244986, -35.510732855424664 ], [ 174.472505265378118, -35.510725874018867 ], [ 174.472504879862697, -35.510725667249396 ], [ 174.472491767468512, -35.510718505508848 ], [ 174.472491386237067, -35.510718293495756 ], [ 174.472478422189397, -35.5107109534244 ], [ 174.472478045348538, -35.510710736227033 ], [ 174.472465233274789, -35.510703219878671 ], [ 174.472464860930017, -35.5107029975578 ], [ 174.472452204415077, -35.510695307035597 ], [ 174.472451836670501, -35.510695079653402 ], [ 174.4724393392558, -35.510687217109215 ], [ 174.472438976214391, -35.510686984729354 ], [ 174.472426641396737, -35.510678952363207 ], [ 174.472426283160047, -35.510678715050695 ], [ 174.472414114390745, -35.510670515110114 ], [ 174.472413761059016, -35.510670272931328 ], [ 174.472401761743015, -35.51066190771072 ], [ 174.472401413415099, -35.510661660733462 ], [ 174.472389586909856, -35.510653132573516 ], [ 174.472389243683239, -35.510652880866871 ], [ 174.472377593297836, -35.510644192153798 ], [ 174.472377255268555, -35.510643935788217 ], [ 174.47236578426282, -35.510635088953237 ], [ 174.472365451525405, -35.51063482800042 ], [ 174.472354163109031, -35.510625825518943 ], [ 174.472353835756621, -35.510625560051928 ], [ 174.472342733088084, -35.510616404442935 ], [ 174.472342411212281, -35.510616134535965 ], [ 174.472331497398159, -35.510606828361261 ], [ 174.472331181089004, -35.510606554089904 ], [ 174.472320459182981, -35.510597099953429 ], [ 174.472320148529036, -35.510596821394429 ], [ 174.472310038002774, -35.510587601717454 ], [ 174.472241635932818, -35.510530636891431 ], [ 174.472241305280193, -35.510530356725283 ], [ 174.47217368776171, -35.510472064086706 ], [ 174.472173363078269, -35.51047177929172 ], [ 174.472106987351452, -35.5104125402205 ], [ 174.472106668734057, -35.5104122508817 ], [ 174.472100797461195, -35.510406825617167 ], [ 174.472100628328292, -35.510406713789095 ], [ 174.472100494877338, -35.510406546018885 ], [ 174.472041720512038, -35.510352236360838 ], [ 174.471977941557611, -35.51029541615938 ], [ 174.47191297586852, -35.510239484906464 ], [ 174.471846852636503, -35.510184468040329 ], [ 174.471779591112011, -35.510130381576168 ], [ 174.471711210874275, -35.51007724125639 ], [ 174.471641558647377, -35.510024932489394 ], [ 174.471641392310147, -35.510024806535007 ], [ 174.471628400855536, -35.510014887639556 ], [ 174.471615379251773, -35.510005276070281 ], [ 174.47160216162041, -35.509995845086344 ], [ 174.471588751706179, -35.509986597359671 ], [ 174.471575153309942, -35.509977535511283 ], [ 174.471561370283865, -35.509968662108285 ], [ 174.471547406534796, -35.509959979665787 ], [ 174.471533266019208, -35.509951490643864 ], [ 174.471518952743907, -35.509943197447853 ], [ 174.47150447076578, -35.509935102428344 ], [ 174.471489824187387, -35.509927207878548 ], [ 174.471475017160373, -35.509919516036184 ], [ 174.471460053879582, -35.509912029080311 ], [ 174.471444938586018, -35.509904749132943 ], [ 174.471429675562462, -35.509897678256777 ], [ 174.471414269133646, -35.509890818455304 ], [ 174.471398723666056, -35.509884171672681 ], [ 174.471383043564373, -35.509877739792294 ], [ 174.471367024180864, -35.509871442441252 ], [ 174.471366543463489, -35.509871248740424 ], [ 174.471210525566846, -35.509806833681125 ], [ 174.47111789110869, -35.509770145728055 ], [ 174.471149963422391, -35.509792497123748 ], [ 174.471190403136859, -35.509819781598125 ], [ 174.471231369830747, -35.509846535337338 ], [ 174.471272853087413, -35.509872751538481 ], [ 174.471314842358851, -35.509898423535205 ], [ 174.471357326966654, -35.509923544798525 ], [ 174.471399645055442, -35.509947736753908 ], [ 174.471407245334177, -35.509951433222859 ], [ 174.471407645220495, -35.509951631485862 ], [ 174.471416030403702, -35.509955868810039 ], [ 174.471416426118481, -35.509956072591905 ], [ 174.471424722170269, -35.509960425629643 ], [ 174.471425113599679, -35.509960634871753 ], [ 174.471433318131773, -35.509965102369954 ], [ 174.471433705163037, -35.509965317012046 ], [ 174.47144181581362, -35.509969897684606 ], [ 174.471442198335296, -35.509970117664885 ], [ 174.47145021276944, -35.509974810193121 ], [ 174.471450590671509, -35.509975035448292 ], [ 174.471458506582024, -35.509979838481378 ], [ 174.471458879755687, -35.509980068946561 ], [ 174.471466694863778, -35.509984981101802 ], [ 174.471467063201516, -35.509985216710668 ], [ 174.471474775257406, -35.509990236573969 ], [ 174.471475138653261, -35.509990477258668 ], [ 174.471482745436788, -35.509995603384944 ], [ 174.471483103786142, -35.509995849076226 ], [ 174.471490603107526, -35.51000107998977 ], [ 174.471490956307179, -35.510001330616923 ], [ 174.471498346007451, -35.510006664811911 ], [ 174.471498693955738, -35.5100069203027 ], [ 174.471505971907646, -35.510012356243521 ], [ 174.47150631450441, -35.510012616524484 ], [ 174.471513478612735, -35.510018152646275 ], [ 174.471513815759351, -35.510018417642442 ], [ 174.471520863961729, -35.510024052351483 ], [ 174.47152119556111, -35.510024321986563 ], [ 174.471528125828456, -35.510030053660778 ], [ 174.47152845178519, -35.510030327857173 ], [ 174.471535262122501, -35.51003615484651 ], [ 174.471535582342682, -35.510036433525244 ], [ 174.471542270789314, -35.510042354152276 ], [ 174.471542585180856, -35.510042637233191 ], [ 174.471549149811381, -35.510048649793518 ], [ 174.471549458283704, -35.510048937195052 ], [ 174.471555897208304, -35.510055039957798 ], [ 174.471556199672648, -35.510055331597279 ], [ 174.471562511037632, -35.510061522805593 ], [ 174.471562807406855, -35.510061818598984 ], [ 174.471568989395365, -35.510068096470562 ], [ 174.47156927958423, -35.510068396332805 ], [ 174.471575330416556, -35.510074759060402 ], [ 174.471575614341475, -35.510075062905123 ], [ 174.471581532275678, -35.510081508657052 ], [ 174.471581906867186, -35.510081926579339 ], [ 174.471625205041477, -35.510131416542059 ], [ 174.471625454830757, -35.510131706856399 ], [ 174.471667794398968, -35.510181748247604 ], [ 174.47166803856544, -35.510182041742553 ], [ 174.471709409023447, -35.510232622149466 ], [ 174.471709647506572, -35.510232918752237 ], [ 174.471749097800682, -35.510282835246919 ], [ 174.471750848556468, -35.510284537145239 ], [ 174.471751153223551, -35.510284838580702 ], [ 174.471753960185822, -35.510287665359193 ], [ 174.471754258410385, -35.510287971071541 ], [ 174.471757004964388, -35.510290837246622 ], [ 174.471757296656676, -35.510291147143825 ], [ 174.471759981975481, -35.510294051852554 ], [ 174.471760267047671, -35.510294365841332 ], [ 174.471762890322793, -35.510297308209168 ], [ 174.47176316868908, -35.510297626194976 ], [ 174.471765729130681, -35.510300605336056 ], [ 174.471766000707191, -35.51030092722312 ], [ 174.471768497544389, -35.510303942240462 ], [ 174.47176876224944, -35.510304267931943 ], [ 174.471771194730451, -35.510307317917821 ], [ 174.471771452484262, -35.510307647315599 ], [ 174.471773819876802, -35.510310731351723 ], [ 174.471774070601839, -35.51031106435665 ], [ 174.471776372193034, -35.510314181514481 ], [ 174.471776615813781, -35.510314518026327 ], [ 174.471778850910738, -35.510317667367396 ], [ 174.471779087353866, -35.510318007284774 ], [ 174.47178125528356, -35.51032118786086 ], [ 174.471781484477845, -35.510321531081431 ], [ 174.471783584587655, -35.510324741934944 ], [ 174.471783806464117, -35.510325088355486 ], [ 174.471785838121662, -35.510328328519705 ], [ 174.471786052613481, -35.510328678035783 ], [ 174.471788015207096, -35.510331946535175 ], [ 174.4717882222497, -35.510332299041615 ], [ 174.471790115188497, -35.510335594892105 ], [ 174.471790314719556, -35.510335950282808 ], [ 174.471792137433596, -35.510339272492111 ], [ 174.471792329393026, -35.510339630660013 ], [ 174.471794081333513, -35.510342978227875 ], [ 174.471794265663533, -35.51034333906518 ], [ 174.47179594630299, -35.510346710983725 ], [ 174.471796122948064, -35.51034707438177 ], [ 174.471797731780526, -35.510350469635789 ], [ 174.471797900687477, -35.510350835485177 ], [ 174.471799437228498, -35.510354253052434 ], [ 174.471799598346507, -35.51035462124306 ], [ 174.471801062133466, -35.510358060094617 ], [ 174.47180121541399, -35.510358430515517 ], [ 174.471802606006179, -35.510361889616014 ], [ 174.471802751403089, -35.510362262155766 ], [ 174.471804068381829, -35.510365740463733 ], [ 174.471804205851328, -35.510366115010122 ], [ 174.471805448820049, -35.510369611478339 ], [ 174.471805578320755, -35.510369987918608 ], [ 174.471806746905287, -35.510373501494335 ], [ 174.471806868398232, -35.510373879715175 ], [ 174.471807962246686, -35.510377409340585 ], [ 174.471808075695265, -35.510377789228087 ], [ 174.47180909447826, -35.510381333840471 ], [ 174.471809199848337, -35.510381715280268 ], [ 174.471810143259205, -35.510385273812446 ], [ 174.471810240519034, -35.510385656689692 ], [ 174.47181110827367, -35.510389228070267 ], [ 174.471811197393976, -35.510389612269677 ], [ 174.471811989231128, -35.510393195423376 ], [ 174.471812070185081, -35.510393580829287 ], [ 174.471812785866348, -35.510397174677294 ], [ 174.471812858629534, -35.510397561173697 ], [ 174.471813497939422, -35.510401164633983 ], [ 174.471813562490013, -35.51040155210449 ], [ 174.471814125235994, -35.510405164092141 ], [ 174.471814181554464, -35.510405552420082 ], [ 174.471814667567173, -35.510409171847641 ], [ 174.471814715636611, -35.510409560916095 ], [ 174.471815124769648, -35.510413186693789 ], [ 174.471815164575588, -35.510413576385666 ], [ 174.471815496705773, -35.510417207421874 ], [ 174.471815528236192, -35.510417597619764 ], [ 174.471815783263509, -35.510421232821251 ], [ 174.471815806508971, -35.510421623407751 ], [ 174.471815984356624, -35.510425261680062 ], [ 174.471815999310053, -35.510425652537535 ], [ 174.471816099924524, -35.510429292785247 ], [ 174.471816106581485, -35.510429683796012 ], [ 174.471816129932421, -35.51043332492312 ], [ 174.471816128290897, -35.510433715969491 ], [ 174.471816074371247, -35.510437356879741 ], [ 174.471816064431721, -35.51043774784393 ], [ 174.471815933257773, -35.510441387441141 ], [ 174.471814333925664, -35.510448316167263 ], [ 174.471810194258126, -35.510454501680265 ], [ 174.471803919474326, -35.510459338498812 ], [ 174.471796123793837, -35.510462353161103 ], [ 174.471787570312557, -35.510463250570808 ], [ 174.471779096305539, -35.510461942883119 ], [ 174.471771531268217, -35.510458558103672 ], [ 174.471765615719534, -35.510453427558531 ], [ 174.471761928714614, -35.510447053461441 ], [ 174.471760831162811, -35.510440059753655 ], [ 174.471760955295053, -35.510436615603233 ], [ 174.471761003425883, -35.510433365727707 ], [ 174.471760982585067, -35.5104301156586 ], [ 174.47176089277886, -35.510426866374296 ], [ 174.471760734034291, -35.510423618853373 ], [ 174.471760506399164, -35.510420374073206 ], [ 174.471760209942062, -35.510417133011117 ], [ 174.471759844752199, -35.51041389664266 ], [ 174.471759410939541, -35.510410665942395 ], [ 174.471758908634712, -35.510407441882776 ], [ 174.471758337989002, -35.510404225434748 ], [ 174.471757699174191, -35.510401017566743 ], [ 174.471756992382581, -35.510397819244218 ], [ 174.47175621782705, -35.510394631430522 ], [ 174.471755375740742, -35.510391455085163 ], [ 174.471754466377291, -35.510388291164794 ], [ 174.471753490010343, -35.510385140621423 ], [ 174.471752446934033, -35.510382004404264 ], [ 174.47175133746228, -35.510378883457079 ], [ 174.471750161929265, -35.510375778719812 ], [ 174.471748920688782, -35.510372691127003 ], [ 174.471747614114605, -35.510369621608362 ], [ 174.471746242600176, -35.51036657108812 ], [ 174.471744806558348, -35.510363540484633 ], [ 174.471743306421502, -35.510360530710287 ], [ 174.471741742641427, -35.510357542671585 ], [ 174.471740115688704, -35.51035457726757 ], [ 174.471738426053463, -35.510351635391672 ], [ 174.471736674244028, -35.510348717928977 ], [ 174.471734860788473, -35.51034582575879 ], [ 174.471732986232098, -35.51034295975083 ], [ 174.471731051139727, -35.510340120768696 ], [ 174.471729056093807, -35.510337309666888 ], [ 174.471727001695029, -35.510334527291711 ], [ 174.471724888562164, -35.510331774481251 ], [ 174.471722717331033, -35.51032905206376 ], [ 174.471720488655535, -35.510326360859182 ], [ 174.471718203206677, -35.510323701677713 ], [ 174.471715861672635, -35.510321075320121 ], [ 174.471713464758238, -35.510318482576928 ], [ 174.471711013185427, -35.510315924229033 ], [ 174.471708507692, -35.510313401046368 ], [ 174.471705795099666, -35.510310764151669 ], [ 174.471703738540583, -35.510308489136953 ], [ 174.471663465285701, -35.510257531314508 ], [ 174.471622336181923, -35.510207245958661 ], [ 174.471580243620622, -35.510157496474534 ], [ 174.471537256108775, -35.510108361570154 ], [ 174.471531668795791, -35.510102275923884 ], [ 174.471525905042313, -35.510096215069581 ], [ 174.471520016354702, -35.510090235044927 ], [ 174.471514004429025, -35.510084337572316 ], [ 174.471507870995367, -35.510078524348813 ], [ 174.47150161781957, -35.510072797048053 ], [ 174.471495246701693, -35.510067157318765 ], [ 174.471488759476614, -35.510061606785072 ], [ 174.471482158010616, -35.510056147043848 ], [ 174.47147544420497, -35.510050779667466 ], [ 174.471468619992777, -35.510045506201372 ], [ 174.471461687337154, -35.510040328162539 ], [ 174.471454648235664, -35.510035247042907 ], [ 174.471447504712984, -35.510030264304064 ], [ 174.4714402588273, -35.510025381381531 ], [ 174.471432912663033, -35.510020599680018 ], [ 174.471425468335838, -35.510015920576578 ], [ 174.471417927988398, -35.510011345417986 ], [ 174.471410293791877, -35.510006875521626 ], [ 174.471402567943244, -35.510002512173806 ], [ 174.471394752667862, -35.509998256631384 ], [ 174.47138685021369, -35.50999411011837 ], [ 174.471378862857364, -35.509990073829329 ], [ 174.471370591925677, -35.509986051181222 ], [ 174.471368889139768, -35.509985152108634 ], [ 174.47132555976529, -35.509960382027735 ], [ 174.471325201573734, -35.509960173764256 ], [ 174.471282360795414, -35.509934841891209 ], [ 174.471282006711135, -35.509934628983984 ], [ 174.471239665422985, -35.509908741760668 ], [ 174.471239315535996, -35.509908524263849 ], [ 174.47119748450487, -35.509882088273329 ], [ 174.471197138904188, -35.509881866242246 ], [ 174.471155828767252, -35.509854888207187 ], [ 174.471155487540727, -35.509854661698299 ], [ 174.471114708802617, -35.509827148479168 ], [ 174.471114372037022, -35.50982691755005 ], [ 174.471074135067198, -35.509798876143421 ], [ 174.471072737203173, -35.509797832104553 ], [ 174.471064674519852, -35.509791381188954 ], [ 174.471056649822998, -35.509785179144529 ], [ 174.471048495137808, -35.509779091510055 ], [ 174.471040212903887, -35.509773120106694 ], [ 174.471031805598813, -35.509767266720779 ], [ 174.471023275737934, -35.509761533103529 ], [ 174.471014625872357, -35.509755920969745 ], [ 174.471005858590871, -35.509750431999038 ], [ 174.470996976515323, -35.509745067832874 ], [ 174.470987982302745, -35.509739830075873 ], [ 174.470978878645042, -35.509734720295711 ], [ 174.470969668263905, -35.509729740019978 ], [ 174.470960353915927, -35.509724890739257 ], [ 174.470950938386693, -35.509720173903759 ], [ 174.470941424493788, -35.509715590925026 ], [ 174.470931815082309, -35.509711143173512 ], [ 174.470922113027825, -35.509706831980232 ], [ 174.470912321232078, -35.509702658634588 ], [ 174.470902442625146, -35.509698624385386 ], [ 174.470897234249492, -35.509696588630575 ], [ 174.470885890834978, -35.50969402588445 ], [ 174.470870156325191, -35.509690703043546 ], [ 174.470854355663164, -35.509687597148996 ], [ 174.470838493323726, -35.509684709080382 ], [ 174.470822573797051, -35.509682039655274 ], [ 174.470806601591505, -35.50967958962962 ], [ 174.470790581228727, -35.509677359697022 ], [ 174.470774517245331, -35.509675350488941 ], [ 174.47075841418922, -35.509673562574243 ], [ 174.47074227662057, -35.509671996459204 ], [ 174.470726109107773, -35.509670652587197 ], [ 174.470709807497769, -35.509669523809841 ], [ 174.470532395464289, -35.509658539837162 ], [ 174.47035488470209, -35.509649687298733 ], [ 174.47017723431955, -35.509642963204044 ], [ 174.469999964756227, -35.509638381463319 ], [ 174.4699682394224, -35.509638850038733 ], [ 174.469967771104223, -35.509638853701674 ], [ 174.46993535605651, -35.509638882043724 ], [ 174.469934887729778, -35.509638879199727 ], [ 174.469902476772518, -35.509638457191016 ], [ 174.46990200857249, -35.509638447840913 ], [ 174.469869611063871, -35.509637575603286 ], [ 174.469869143125749, -35.50963755974977 ], [ 174.469836768420095, -35.509636237535055 ], [ 174.469836300879024, -35.509636215182695 ], [ 174.469803958324178, -35.509634443372661 ], [ 174.469803491315048, -35.509634414527909 ], [ 174.469771190249475, -35.509632193634125 ], [ 174.469770723907203, -35.50963215830533 ], [ 174.469738473657429, -35.509629488969033 ], [ 174.469738008116678, -35.509629447166382 ], [ 174.46970581799448, -35.509626330158298 ], [ 174.469705353389628, -35.509626281893851 ], [ 174.46967323268953, -35.509622718113974 ], [ 174.469671757303644, -35.509622520967127 ], [ 174.46966084777921, -35.509620813625872 ], [ 174.469660380312149, -35.509620737034602 ], [ 174.469649508537287, -35.50961887565839 ], [ 174.469649042760381, -35.509618792467307 ], [ 174.469638211987899, -35.509616777613076 ], [ 174.469637748040498, -35.509616687847085 ], [ 174.469626961511011, -35.509614520117665 ], [ 174.469626499531984, -35.509614423803619 ], [ 174.469615760472777, -35.509612103847616 ], [ 174.469615300600282, -35.509612001014339 ], [ 174.469604612224543, -35.509609529525875 ], [ 174.469604154596226, -35.509609420204129 ], [ 174.469593520101853, -35.509606797922658 ], [ 174.469593064854621, -35.509606682145161 ], [ 174.469582487423509, -35.509603909855279 ], [ 174.469582034693559, -35.509603787656665 ], [ 174.469571517490493, -35.509600866187846 ], [ 174.469571067413284, -35.509600737604686 ], [ 174.469560613584974, -35.509597667831052 ], [ 174.469560166295196, -35.509597532901807 ], [ 174.469549778969451, -35.509594315741801 ], [ 174.469549334600885, -35.509594174506844 ], [ 174.469539016885562, -35.509590810923051 ], [ 174.469538575571221, -35.509590663424639 ], [ 174.46952833055343, -35.509587154423471 ], [ 174.469527892425305, -35.509587000705736 ], [ 174.469517723170298, -35.509583347337042 ], [ 174.469517288359498, -35.509583187445969 ], [ 174.469507197909991, -35.509579390802891 ], [ 174.469506766546601, -35.509579224786336 ], [ 174.469496757921604, -35.509575286004797 ], [ 174.46949633013466, -35.509575113912405 ], [ 174.469486406328713, -35.509571034170868 ], [ 174.469485982246312, -35.509570856054182 ], [ 174.469476146228658, -35.509566636573354 ], [ 174.46947572597756, -35.509566452485608 ], [ 174.469465980691126, -35.509562094527922 ], [ 174.469465564397126, -35.509561904524233 ], [ 174.469455912757695, -35.509557409393601 ], [ 174.469455500545365, -35.509557213530819 ], [ 174.46944594544064, -35.509552582572191 ], [ 174.469445537433302, -35.509552380908886 ], [ 174.469436081722222, -35.509547615507834 ], [ 174.469435678041918, -35.509547408104375 ], [ 174.469426324553581, -35.50954250968671 ], [ 174.469425925321133, -35.50954229660514 ], [ 174.469416676854109, -35.509537266636485 ], [ 174.469416282188945, -35.50953704794054 ], [ 174.469407141510317, -35.509531887925839 ], [ 174.469406751530556, -35.509531663680981 ], [ 174.469397721375202, -35.509526375164114 ], [ 174.469397336197517, -35.509526145437441 ], [ 174.46938841926729, -35.509520730000752 ], [ 174.469388039006844, -35.509520494860958 ], [ 174.469379237969633, -35.509514954124711 ], [ 174.469378862740285, -35.509514713642204 ], [ 174.469370180229362, -35.509509049264203 ], [ 174.46936981014332, -35.509508803510883 ], [ 174.4693612487564, -35.509503017185907 ], [ 174.46936088392448, -35.50950276623535 ], [ 174.469353553221595, -35.509497634613304 ], [ 174.469259654909536, -35.509444838318203 ], [ 174.469259347615065, -35.509444663007848 ], [ 174.469165146457954, -35.509390139366559 ], [ 174.469164842106977, -35.50938996065647 ], [ 174.46907155627909, -35.509334394900755 ], [ 174.469071254927854, -35.509334212823987 ], [ 174.468978901671164, -35.509277615225024 ], [ 174.468977861459933, -35.509276945240224 ], [ 174.468952238324903, -35.509259610226216 ], [ 174.468951893672511, -35.50925937315057 ], [ 174.468926620394569, -35.509241698103814 ], [ 174.468926280526119, -35.509241456454951 ], [ 174.468901363853774, -35.509223446095234 ], [ 174.46890102885996, -35.509223199937701 ], [ 174.468876475446564, -35.509204859074316 ], [ 174.468876145416857, -35.509204608473823 ], [ 174.468851961818672, -35.509185942004386 ], [ 174.468851636841208, -35.50918568702788 ], [ 174.468827829515703, -35.509166699936863 ], [ 174.468827509677283, -35.509166440652429 ], [ 174.468804084981514, -35.509147138009972 ], [ 174.468803770367515, -35.509146874486845 ], [ 174.468780734556333, -35.509127261447347 ], [ 174.468780425250742, -35.509126993755856 ], [ 174.468757784475088, -35.509107075556578 ], [ 174.468757480560527, -35.509106803768248 ], [ 174.468735240865925, -35.509086585727943 ], [ 174.468734942423509, -35.50908630991534 ], [ 174.468713109748307, -35.509065797432811 ], [ 174.46871281685776, -35.50906551766959 ], [ 174.468691397031591, -35.509044716222263 ], [ 174.468690344358095, -35.509043627596256 ], [ 174.468674955864742, -35.509026665071616 ], [ 174.468674674792567, -35.509026349575976 ], [ 174.468659647898676, -35.509009171677292 ], [ 174.468659373551361, -35.50900885224867 ], [ 174.468644712764416, -35.508991464128862 ], [ 174.468644445224186, -35.508991140863102 ], [ 174.468630154941792, -35.508973547738186 ], [ 174.468629894288966, -35.508973220732237 ], [ 174.468615978797658, -35.508955427879712 ], [ 174.46861572511034, -35.508955097231656 ], [ 174.468602188584157, -35.508937109988935 ], [ 174.468601941938459, -35.508936775798006 ], [ 174.468588788437756, -35.508918599560808 ], [ 174.468588548907746, -35.508918261927214 ], [ 174.468575782377968, -35.508899902147959 ], [ 174.468575550035411, -35.508899561172996 ], [ 174.468563174305928, -35.508881023359109 ], [ 174.468562949220541, -35.508880679145051 ], [ 174.468550968003512, -35.508861968857452 ], [ 174.46855075024277, -35.50886162150757 ], [ 174.468539167131979, -35.508842744358816 ], [ 174.46853895676125, -35.508842393977289 ], [ 174.468527775230996, -35.508823355630064 ], [ 174.468527572313405, -35.508823002322011 ], [ 174.468516795717591, -35.508803808487286 ], [ 174.468516600313933, -35.508803452358677 ], [ 174.468506231884987, -35.50878410879411 ], [ 174.468506044053925, -35.508783749951768 ], [ 174.468496086901752, -35.50876426245992 ], [ 174.468495906699587, -35.508763901011513 ], [ 174.468486363810825, -35.508744275438069 ], [ 174.468486191291618, -35.508743911492004 ], [ 174.468477065528532, -35.508724153724131 ], [ 174.468476422019791, -35.508722589450869 ], [ 174.468474595815536, -35.508717546150116 ], [ 174.468474464323094, -35.508717171122015 ], [ 174.468472745162501, -35.508712102728644 ], [ 174.468472621629331, -35.508711725895559 ], [ 174.468471010027571, -35.508706633928469 ], [ 174.468470894490736, -35.508706255403354 ], [ 174.468469390930778, -35.508701141388421 ], [ 174.468469283424866, -35.508700761284715 ], [ 174.468467888357225, -35.508695626754523 ], [ 174.468467788914467, -35.508695245186111 ], [ 174.468466502757195, -35.508690091679334 ], [ 174.468466411407405, -35.508689708760571 ], [ 174.468465234545903, -35.50868453782158 ], [ 174.468465151316423, -35.508684153667211 ], [ 174.468464084103346, -35.508678966845579 ], [ 174.468464009019158, -35.508678581570742 ], [ 174.468463051774307, -35.508673380420845 ], [ 174.468462984857865, -35.508672994140994 ], [ 174.468462137868102, -35.508667780221479 ], [ 174.468462079139471, -35.508667393052356 ], [ 174.468461342658543, -35.508662167925706 ], [ 174.468461292135316, -35.508661779983342 ], [ 174.468460666383947, -35.508656545215359 ], [ 174.468460624081274, -35.50865615661602 ], [ 174.468460109246934, -35.508650913775462 ], [ 174.468460075177489, -35.508650524635591 ], [ 174.468459671414479, -35.508645275293574 ], [ 174.468459645588467, -35.50864488572978 ], [ 174.468459353017693, -35.508639631459403 ], [ 174.468459335442844, -35.508639241588433 ], [ 174.468459154152015, -35.508633983964259 ], [ 174.468459144833645, -35.508633593902957 ], [ 174.468459074877018, -35.508628334500564 ], [ 174.468459073817854, -35.508627944365792 ], [ 174.468459115216405, -35.508622684761256 ], [ 174.468459122416789, -35.508622294669998 ], [ 174.468459275158068, -35.508617036439496 ], [ 174.46845929061584, -35.50861664650855 ], [ 174.468459554654089, -35.508611391227852 ], [ 174.468459578364588, -35.508611001574145 ], [ 174.468459953620624, -35.508605750818099 ], [ 174.468459985576771, -35.508605361558359 ], [ 174.46846047193813, -35.508600116900467 ], [ 174.468460512130349, -35.508599728151388 ], [ 174.468461109451255, -35.508594491163329 ], [ 174.468461157867466, -35.508594103041361 ], [ 174.468461865968919, -35.508588875292546 ], [ 174.468461922594656, -35.508588487914032 ], [ 174.468462741264375, -35.508583270971066 ], [ 174.46846280608267, -35.508582884452096 ], [ 174.468463735075346, -35.508577679878321 ], [ 174.46846380806673, -35.508577294334692 ], [ 174.468464847103917, -35.508572103689808 ], [ 174.468464928246533, -35.508571719237075 ], [ 174.46846607701687, -35.508566544076579 ], [ 174.46846616628639, -35.50856616082995 ], [ 174.468467424445606, -35.508561002704695 ], [ 174.468467521815285, -35.508560620779015 ], [ 174.46846888898628, -35.50855548123473 ], [ 174.468468994426956, -35.508555100744481 ], [ 174.468470470200032, -35.508549981321345 ], [ 174.468470583680102, -35.508549602380505 ], [ 174.468472167612958, -35.508544504612686 ], [ 174.468472289098401, -35.508544127334851 ], [ 174.468473980716396, -35.508539052750002 ], [ 174.468474110170803, -35.50853867724819 ], [ 174.468475908966951, -35.508533627367029 ], [ 174.468476046351526, -35.508533253753818 ], [ 174.468477951786753, -35.508528230089631 ], [ 174.468478097060341, -35.508527858476938 ], [ 174.468480108563654, -35.508522862535202 ], [ 174.468480261682714, -35.508522493034434 ], [ 174.46848237865126, -35.508517526312296 ], [ 174.468482539569891, -35.50851715903412 ], [ 174.468484761369297, -35.508512223019935 ], [ 174.468484930039267, -35.508511858074485 ], [ 174.468487256003669, -35.50850695424748 ], [ 174.468487432374474, -35.508506591744045 ], [ 174.46848986180683, -35.508501721573737 ], [ 174.468490045825547, -35.508501361621015 ], [ 174.468492577997807, -35.508496526566859 ], [ 174.468492769609384, -35.508496169272668 ], [ 174.468495403762716, -35.508491370783588 ], [ 174.468495602909599, -35.50849101625505 ], [ 174.468498338254619, -35.508486255769022 ], [ 174.468498544877235, -35.50848590411232 ], [ 174.468501380594176, -35.508481183055935 ], [ 174.468501594630595, -35.508480834376485 ], [ 174.468504529869648, -35.508476154164498 ], [ 174.468504751255693, -35.508475808566793 ], [ 174.468507785137291, -35.508471170601737 ], [ 174.468508013806627, -35.508470828189338 ], [ 174.46851114542153, -35.508466233861078 ], [ 174.468511381305632, -35.508465894736567 ], [ 174.468514609715413, -35.508461345421892 ], [ 174.468514852743596, -35.508461009686954 ], [ 174.468518176980695, -35.508456506749148 ], [ 174.468518427080141, -35.508456174504367 ], [ 174.468521846148462, -35.508451719292857 ], [ 174.46852279484645, -35.508450563928058 ], [ 174.468532630059599, -35.508439350486448 ], [ 174.468532883369619, -35.508439066385336 ], [ 174.468542931322617, -35.508427979762153 ], [ 174.468543190022075, -35.508427698926738 ], [ 174.468553448269404, -35.508416741820191 ], [ 174.468553712295289, -35.508416464318806 ], [ 174.46856417834033, -35.508405639395562 ], [ 174.468564447628438, -35.508405365295737 ], [ 174.468575118923866, -35.508394675190296 ], [ 174.468575393408599, -35.50839440455875 ], [ 174.468586267357296, -35.508383851872786 ], [ 174.46858654697192, -35.508383584775402 ], [ 174.468597620927341, -35.508373172077142 ], [ 174.468597905603758, -35.508372908578899 ], [ 174.4686091768707, -35.508362638402545 ], [ 174.468609466539647, -35.508362378567568 ], [ 174.468620932374961, -35.508352253412568 ], [ 174.468623818697523, -35.508350045631744 ], [ 174.468634012723555, -35.508343300843634 ], [ 174.46864389144929, -35.5083365386201 ], [ 174.468653630844159, -35.508329642595449 ], [ 174.468663228197556, -35.508322614689 ], [ 174.46867268083912, -35.508315456856174 ], [ 174.468681986138307, -35.508308171088999 ], [ 174.468691141505985, -35.508300759414688 ], [ 174.468700144393779, -35.508293223896253 ], [ 174.468708992296598, -35.508285566630605 ], [ 174.468717682753095, -35.508277789747886 ], [ 174.468726213343473, -35.508269895413491 ], [ 174.468734581695315, -35.508261885823011 ], [ 174.468742785478867, -35.508253763206355 ], [ 174.468750822411693, -35.508245529823391 ], [ 174.468758690257459, -35.508237187965264 ], [ 174.468766386826417, -35.508228739953587 ], [ 174.468773909976989, -35.508220188139127 ], [ 174.468781257615575, -35.508211534901854 ], [ 174.468788427697632, -35.508202782649633 ], [ 174.468795418228012, -35.508193933817978 ], [ 174.468802227261193, -35.508184990869601 ], [ 174.468808793827066, -35.508176036847104 ], [ 174.468814237934083, -35.508168173902519 ], [ 174.468819565611511, -35.508160158738882 ], [ 174.468824722888399, -35.508152069402634 ], [ 174.468829708220653, -35.508143908315759 ], [ 174.468834520116189, -35.508135677920961 ], [ 174.468839157133914, -35.508127380683192 ], [ 174.468843617885881, -35.50811901908606 ], [ 174.468847901036838, -35.508110595632701 ], [ 174.468852005304285, -35.508102112845187 ], [ 174.468852977029854, -35.508099998216963 ], [ 174.468853149938639, -35.508098527374003 ], [ 174.468856587197735, -35.508092060668631 ], [ 174.468856588943112, -35.508092059055045 ], [ 174.468859672328051, -35.508084979443211 ], [ 174.468863232789175, -35.508076333958002 ], [ 174.468866609777024, -35.508067639395989 ], [ 174.468869802280778, -35.508058898359927 ], [ 174.468872809344418, -35.508050113467377 ], [ 174.468875630068084, -35.508041287347602 ], [ 174.468878263607138, -35.508032422643574 ], [ 174.468880709173362, -35.508023522008855 ], [ 174.468882966034556, -35.508014588108253 ], [ 174.468885033515164, -35.508005623616299 ], [ 174.468886910996247, -35.507996631217253 ], [ 174.468888597915821, -35.507987613602644 ], [ 174.46889009376892, -35.507978573472649 ], [ 174.468891398107729, -35.507969513533595 ], [ 174.468892510541906, -35.507960436497662 ], [ 174.468893430738376, -35.507951345082624 ], [ 174.46889415842179, -35.507942242010131 ], [ 174.468894693374295, -35.507933130005569 ], [ 174.468895042746936, -35.507923816908288 ], [ 174.468895313682793, -35.507921281567114 ], [ 174.468898290934646, -35.507904451615893 ], [ 174.468900885647258, -35.507887773819817 ], [ 174.468903130833922, -35.507871062150159 ], [ 174.46890502583696, -35.507854321503856 ], [ 174.468906570101211, -35.507837556786491 ], [ 174.468907763174457, -35.507820772911018 ], [ 174.468908604707195, -35.507803974795479 ], [ 174.468909094453153, -35.507787167362643 ], [ 174.468909232268999, -35.507770355537431 ], [ 174.468909018114516, -35.507753544246476 ], [ 174.468908452052773, -35.507736738416099 ], [ 174.468907534249809, -35.50771994297105 ], [ 174.468906264974777, -35.507703162833025 ], [ 174.468904644599831, -35.507686402918971 ], [ 174.468902673600098, -35.507669668140494 ], [ 174.468900352553334, -35.507652963401263 ], [ 174.468897682139897, -35.507636293596661 ], [ 174.468894663142493, -35.50761966361096 ], [ 174.46889129644606, -35.507603078317999 ], [ 174.468887583037372, -35.507586542577421 ], [ 174.468883477431433, -35.507569872128109 ], [ 174.468883458279691, -35.507569793644308 ], [ 174.468869282857895, -35.507511160424741 ], [ 174.468854070582751, -35.507452875031902 ], [ 174.46883778459474, -35.507394783940121 ], [ 174.468820428603237, -35.507336900372415 ], [ 174.468801954006835, -35.507279073004021 ], [ 174.468801874276039, -35.507278817327055 ], [ 174.46879870026163, -35.507268384329137 ], [ 174.468795366698231, -35.50725818742476 ], [ 174.468791816723297, -35.507248039475918 ], [ 174.468788051410968, -35.507237943553072 ], [ 174.468784071900842, -35.507227902711548 ], [ 174.468779879396948, -35.507217919989209 ], [ 174.468775475167888, -35.507207998406315 ], [ 174.468770860546698, -35.507198140965784 ], [ 174.468766036929424, -35.507188350649571 ], [ 174.468761005775747, -35.507178630420285 ], [ 174.468755768608247, -35.507168983219231 ], [ 174.468750327011549, -35.507159411965425 ], [ 174.468744682632064, -35.507149919554543 ], [ 174.468738837178222, -35.507140508859635 ], [ 174.468732792418393, -35.507131182727477 ], [ 174.468726550181771, -35.507121943980188 ], [ 174.468720112357147, -35.507112795413157 ], [ 174.468713480892973, -35.507103739795106 ], [ 174.468706657795138, -35.507094779865113 ], [ 174.468699645128993, -35.507085918335328 ], [ 174.468692445015932, -35.507077157886336 ], [ 174.468685059634907, -35.507068501169172 ], [ 174.468677491220632, -35.507059950803225 ], [ 174.468669742063156, -35.507051509375565 ], [ 174.468661814507158, -35.507043179440309 ], [ 174.468653710951514, -35.507034963518002 ], [ 174.468645467077351, -35.507026896610483 ], [ 174.468632343952578, -35.507014593744238 ], [ 174.468618931107642, -35.50700243165597 ], [ 174.46860527391047, -35.506990452764775 ], [ 174.468591376103831, -35.506978660353425 ], [ 174.468577241495069, -35.506967057652382 ], [ 174.468562873957126, -35.506955647840769 ], [ 174.46854827742672, -35.506944434044819 ], [ 174.468533455902474, -35.506933419336391 ], [ 174.468518413445793, -35.506922606733696 ], [ 174.468503154178194, -35.506911999199239 ], [ 174.468487682280141, -35.506901599639022 ], [ 174.468472001990932, -35.506891410902497 ], [ 174.468456117606763, -35.50688143578121 ], [ 174.468440033479396, -35.506871677007901 ], [ 174.468423754016442, -35.506862137256832 ], [ 174.468407283676925, -35.506852819140889 ], [ 174.468390437259416, -35.50684362163647 ], [ 174.468390075328045, -35.506843420621259 ], [ 174.468373114098114, -35.506833838677146 ], [ 174.468372744562089, -35.506833626235242 ], [ 174.468355977668637, -35.506823818277162 ], [ 174.468355612440376, -35.506823600911559 ], [ 174.468339044387392, -35.506813569574213 ], [ 174.468338683565037, -35.506813347343311 ], [ 174.468322318803104, -35.506803095321402 ], [ 174.468321962483543, -35.506802868284879 ], [ 174.468305805408619, -35.506792398332415 ], [ 174.468305453687577, -35.506792166551286 ], [ 174.468289508639828, -35.506781481480751 ], [ 174.468289161611835, -35.506781245017265 ], [ 174.468273432874497, -35.506770347698989 ], [ 174.468273090632692, -35.506770106616656 ], [ 174.468257582430851, -35.506758999977968 ], [ 174.468257245067235, -35.506758754341575 ], [ 174.468241961566747, -35.506747441366024 ], [ 174.468241629171871, -35.50674719124153 ], [ 174.468226574478223, -35.506735674968084 ], [ 174.468226247141416, -35.506735420422686 ], [ 174.468211425298591, -35.506723703944949 ], [ 174.468211103107791, -35.506723445047037 ], [ 174.468196518097329, -35.506711531512359 ], [ 174.468196201139079, -35.5067112683315 ], [ 174.468181856878715, -35.506699160940194 ], [ 174.468181545238139, -35.506698893547039 ], [ 174.468167445581059, -35.5066865955515 ], [ 174.468164636025591, -35.506683702246093 ], [ 174.468152251981707, -35.506668546458855 ], [ 174.468151994379525, -35.506668225310598 ], [ 174.468139927993633, -35.506652899161914 ], [ 174.468139677121883, -35.506652574470806 ], [ 174.468127931898067, -35.506637082411771 ], [ 174.468127687829593, -35.506636754272094 ], [ 174.4681162671788, -35.506621100801915 ], [ 174.468116029984458, -35.506620769308988 ], [ 174.468104937223302, -35.506604958973796 ], [ 174.468104706971985, -35.506604624223876 ], [ 174.46809394532184, -35.506588661615325 ], [ 174.468093722080397, -35.50658832370565 ], [ 174.468083294666485, -35.506572213459606 ], [ 174.468083078499802, -35.506571872488315 ], [ 174.468072988350258, -35.506555619283567 ], [ 174.468072779321062, -35.506555275349633 ], [ 174.468063029366107, -35.506538883906465 ], [ 174.468062827535107, -35.50653853710984 ], [ 174.468053420606083, -35.506522012188661 ], [ 174.468053226031884, -35.506521662630014 ], [ 174.468044164860601, -35.506505009030001 ], [ 174.468043977599734, -35.506504656810876 ], [ 174.468035264817502, -35.506487879368592 ], [ 174.46803508492431, -35.506487524591279 ], [ 174.468026723061257, -35.506470628179244 ], [ 174.468026550588007, -35.506470270946764 ], [ 174.4680185420724, -35.506453260472036 ], [ 174.468018377069171, -35.506452900888149 ], [ 174.468010724226644, -35.506435781290918 ], [ 174.468010430584769, -35.506435089778527 ], [ 174.468005973088282, -35.506424015338425 ], [ 174.468001360840816, -35.506413188985476 ], [ 174.467996520894957, -35.506402429296841 ], [ 174.467991454690889, -35.506391739473969 ], [ 174.467986163736413, -35.506381122698336 ], [ 174.467980649605948, -35.506370582128703 ], [ 174.467974913940168, -35.506360120901377 ], [ 174.46796895844605, -35.506349742129458 ], [ 174.467962784895917, -35.506339448901421 ], [ 174.467956395126464, -35.506329244279542 ], [ 174.467949791039445, -35.506319131300835 ], [ 174.467942974599879, -35.506309112974293 ], [ 174.467935947836395, -35.506299192281276 ], [ 174.467928712839523, -35.506289372173136 ], [ 174.467921271762492, -35.506279655572527 ], [ 174.467913626819751, -35.50627004537079 ], [ 174.467905780285548, -35.506260544426887 ], [ 174.467897734495153, -35.506251155568279 ], [ 174.467889491842755, -35.506241881588814 ], [ 174.467881054781373, -35.506232725248289 ], [ 174.467872425820786, -35.506223689270428 ], [ 174.467863607529353, -35.50621477634467 ], [ 174.467854602530991, -35.506205989123032 ], [ 174.46784541350516, -35.506197330220061 ], [ 174.467836043186111, -35.506188802212314 ], [ 174.467826494362242, -35.50618040763738 ], [ 174.467816769875157, -35.506172148993407 ], [ 174.467806849181642, -35.506164009508915 ], [ 174.467777324965709, -35.506140494711872 ], [ 174.467776984424944, -35.506140218724887 ], [ 174.467747820940531, -35.506116168763981 ], [ 174.467747486322878, -35.506115887974786 ], [ 174.467718838908553, -35.50609142681985 ], [ 174.467718510315223, -35.506091141313384 ], [ 174.467690387640459, -35.506066276367406 ], [ 174.467690065170927, -35.506065986230105 ], [ 174.46766554759165, -35.506043537638213 ], [ 174.467665290769901, -35.506043364846796 ], [ 174.467660450120377, -35.506040221265593 ], [ 174.467655543686476, -35.50603714663059 ], [ 174.467650572936947, -35.506034141862173 ], [ 174.467645539358756, -35.506031207859245 ], [ 174.467640444460045, -35.506028345500816 ], [ 174.467635289763876, -35.506025555642601 ], [ 174.467630076814544, -35.506022839120376 ], [ 174.467624807172143, -35.50602019674713 ], [ 174.467619482412829, -35.50601762931322 ], [ 174.467614104132309, -35.50601513758803 ], [ 174.467608673938116, -35.506012722316278 ], [ 174.467603193456966, -35.506010384221582 ], [ 174.467597664329162, -35.506008124003671 ], [ 174.467592088209358, -35.506005942338952 ], [ 174.467586466766505, -35.506003839880428 ], [ 174.467580801683027, -35.506001817257314 ], [ 174.46757509465516, -35.505999875075197 ], [ 174.467569347390139, -35.505998013915132 ], [ 174.46756356160887, -35.505996234334368 ], [ 174.467557739042888, -35.505994536865479 ], [ 174.467551881435014, -35.505992922016581 ], [ 174.46754599053827, -35.505991390270943 ], [ 174.467540068116421, -35.505989942087162 ], [ 174.467534115941078, -35.505988577898485 ], [ 174.467528135794765, -35.505987298113403 ], [ 174.467521897800935, -35.505986057023421 ], [ 174.467520854121943, -35.505985831586635 ], [ 174.467517560601266, -35.505985063456109 ], [ 174.46751710214798, -35.505984953009893 ], [ 174.467513825411686, -35.505984138296533 ], [ 174.467513369369499, -35.505984021366601 ], [ 174.467510110402856, -35.505983160315388 ], [ 174.46750965690876, -35.50598303693684 ], [ 174.467506416691776, -35.505982129806696 ], [ 174.46750596588231, -35.505982000016687 ], [ 174.467502745389339, -35.50598104708039 ], [ 174.467502297400102, -35.505980910917962 ], [ 174.4674990975995, -35.50597991246206 ], [ 174.467498652565013, -35.505979769968107 ], [ 174.467495474419025, -35.505978726292831 ], [ 174.467495032473238, -35.505978577510234 ], [ 174.467491876937515, -35.505977488929418 ], [ 174.46749143821333, -35.505977333902926 ], [ 174.46748830623676, -35.505976200743916 ], [ 174.467487870866023, -35.505976039520114 ], [ 174.467484763390388, -35.505974862123658 ], [ 174.467484331504153, -35.505974694751082 ], [ 174.467481249463873, -35.505973473471236 ], [ 174.467480821191799, -35.505973300000115 ], [ 174.467477765513706, -35.505972035204096 ], [ 174.467477340984686, -35.505971855686667 ], [ 174.467474312587569, -35.505970547754806 ], [ 174.467473891929359, -35.505970362245073 ], [ 174.467470891723849, -35.505969011570706 ], [ 174.467470475062782, -35.505968820124366 ], [ 174.467467503951099, -35.505967427113603 ], [ 174.46746709141263, -35.505967229788311 ], [ 174.467464150288151, -35.505965794860053 ], [ 174.467463741996113, -35.505965591715075 ], [ 174.467460831743296, -35.505964115300785 ], [ 174.46746042782064, -35.505963906397255 ], [ 174.46745754931456, -35.505962388940922 ], [ 174.467457149882677, -35.505962174341647 ], [ 174.467454303988916, -35.505960616299561 ], [ 174.467453909167972, -35.505960396069092 ], [ 174.467451096742309, -35.505958797909763 ], [ 174.467450706650936, -35.505958572114253 ], [ 174.46744792853903, -35.505956934318263 ], [ 174.467447543294583, -35.50595670302566 ], [ 174.467444800331833, -35.505955026085473 ], [ 174.467444420050242, -35.505954789365362 ], [ 174.467441713061504, -35.50595307378525 ], [ 174.467441337856911, -35.505952831708747 ], [ 174.467438667656154, -35.505951078004614 ], [ 174.467438297641536, -35.505950830644501 ], [ 174.467435665031672, -35.505949039343655 ], [ 174.467435300318243, -35.505948786774375 ], [ 174.467432706090932, -35.505946958415478 ], [ 174.467432346788456, -35.505946700713011 ], [ 174.46742979172376, -35.50594483584586 ], [ 174.467429437940126, -35.505944573087568 ], [ 174.467426922806368, -35.505942672272916 ], [ 174.467426574648044, -35.505942404537898 ], [ 174.467424100201555, -35.505940468347326 ], [ 174.467423757773247, -35.505940195716121 ], [ 174.46742132475805, -35.505938224731864 ], [ 174.467420988162729, -35.505937947286384 ], [ 174.467418597310427, -35.505935942101111 ], [ 174.467418266649275, -35.50593565992483 ], [ 174.467415918678853, -35.505933621141509 ], [ 174.467415594051261, -35.505933334319216 ], [ 174.467413289668713, -35.505931262550888 ], [ 174.467412971172394, -35.505930971168929 ], [ 174.46741071107067, -35.505928867038627 ], [ 174.46741039880132, -35.505928571184519 ], [ 174.467408183660041, -35.505926435324923 ], [ 174.467407877711565, -35.505926135087705 ], [ 174.467405708196821, -35.505923968141076 ], [ 174.467405408661222, -35.505923663610986 ], [ 174.467403285425405, -35.505921466228948 ], [ 174.467402992392778, -35.505921157497575 ], [ 174.467400916074297, -35.505918930340876 ], [ 174.467400629632749, -35.505918617501052 ], [ 174.467398600855944, -35.505916361239393 ], [ 174.467398321091622, -35.505916044385216 ], [ 174.467396340466593, -35.505913759697073 ], [ 174.467396067463625, -35.505913438923784 ], [ 174.467394854078719, -35.505911986520907 ], [ 174.467393533257223, -35.505910682391082 ], [ 174.467393234749977, -35.505910382454594 ], [ 174.467391146002257, -35.5059082465337 ], [ 174.467390853832711, -35.505907942453256 ], [ 174.467388810212071, -35.505905777541436 ], [ 174.467388524466259, -35.505905469406578 ], [ 174.467386526574387, -35.505903276141233 ], [ 174.467386247336492, -35.505902964042718 ], [ 174.467384295761633, -35.505900743069617 ], [ 174.467384023113823, -35.505900427099292 ], [ 174.467382118430578, -35.505898179072339 ], [ 174.467381852453116, -35.505897859323227 ], [ 174.467379995222217, -35.505895584904309 ], [ 174.467379735993489, -35.505895261470613 ], [ 174.467377926761799, -35.505892961329373 ], [ 174.467377674358005, -35.505892634306228 ], [ 174.467375913658174, -35.505890309119863 ], [ 174.467375668153778, -35.505889978603662 ], [ 174.46737395650419, -35.505887629056801 ], [ 174.467373717971356, -35.505887295144788 ], [ 174.467372055875984, -35.505884921929187 ], [ 174.467371824384969, -35.505884584719645 ], [ 174.467370212333151, -35.505882188534017 ], [ 174.467369987952168, -35.505881848126329 ], [ 174.467368426418545, -35.505879429676192 ], [ 174.467368209213589, -35.505879086170523 ], [ 174.467366698657912, -35.505876646167913 ], [ 174.467366488692932, -35.50587629966536 ], [ 174.467365029559943, -35.505873838828698 ], [ 174.467364826896812, -35.50587348943138 ], [ 174.467363419616106, -35.50587100848518 ], [ 174.467363224314425, -35.505870656295897 ], [ 174.467361869300333, -35.505868155970639 ], [ 174.467361681417628, -35.505867801093046 ], [ 174.467360379069106, -35.505865282124859 ], [ 174.467360198660742, -35.505864924663562 ], [ 174.467358949361198, -35.505862387794117 ], [ 174.467358776480239, -35.505862027854256 ], [ 174.467357580597536, -35.505859473830469 ], [ 174.467357415294856, -35.505859111518035 ], [ 174.467356273181053, -35.505856541091859 ], [ 174.467356115505424, -35.505856176513603 ], [ 174.467355027496779, -35.505853590441845 ], [ 174.4673548774945, -35.50585322370501 ], [ 174.467353843911383, -35.505850622749058 ], [ 174.467353701626735, -35.505850253961697 ], [ 174.467352722773398, -35.505847638887367 ], [ 174.46735258824819, -35.505847268158028 ], [ 174.467351664412888, -35.505844639735251 ], [ 174.467351537686739, -35.505844267173039 ], [ 174.467350669141382, -35.50584162617568 ], [ 174.467350550251638, -35.505841251890374 ], [ 174.46734973725205, -35.50583859909603 ], [ 174.46734962623367, -35.505838223197763 ], [ 174.467348869019133, -35.50583555938745 ], [ 174.467348765904831, -35.505835181986932 ], [ 174.467348064698314, -35.505832507944966 ], [ 174.467347969518443, -35.505832129153319 ], [ 174.467347324526372, -35.505829445667004 ], [ 174.467347237308957, -35.505829065595719 ], [ 174.467346648721218, -35.505826373455143 ], [ 174.467346569491951, -35.505825992216145 ], [ 174.46734603748186, -35.505823292213918 ], [ 174.467345966264048, -35.505822909919431 ], [ 174.467345490988237, -35.505820202850529 ], [ 174.467345427802826, -35.505819819613137 ], [ 174.467345009401214, -35.505817106274577 ], [ 174.467344954266821, -35.505816722207115 ], [ 174.467344592862588, -35.505814003397774 ], [ 174.46734454579547, -35.505813618613281 ], [ 174.467344241494999, -35.505810895133649 ], [ 174.467344202509025, -35.505810509745473 ], [ 174.46734395540193, -35.50580778239739 ], [ 174.467343924508498, -35.505807396518925 ], [ 174.467343734667509, -35.505804666105405 ], [ 174.467343711875799, -35.505804279850366 ], [ 174.467343579356822, -35.505801547175309 ], [ 174.467343564673513, -35.505801160657299 ], [ 174.467343489515514, -35.50579842652526 ], [ 174.467343482944898, -35.505798039858192 ], [ 174.467343465170075, -35.505795305074166 ], [ 174.467343466714112, -35.505794918371841 ], [ 174.467343506327637, -35.505792183741029 ], [ 174.467343515985874, -35.505791797117261 ], [ 174.467343612976066, -35.505789063444787 ], [ 174.467343630745688, -35.505788677013477 ], [ 174.467343785084012, -35.505785945104229 ], [ 174.467343810959733, -35.505785558979078 ], [ 174.467344022600741, -35.50578282963739 ], [ 174.467344056574973, -35.505782443932141 ], [ 174.46734432545631, -35.50577971796158 ], [ 174.467344367519047, -35.505779332789785 ], [ 174.467344693561557, -35.505776610992953 ], [ 174.467344743700409, -35.505776226467972 ], [ 174.467345126808141, -35.505773509646232 ], [ 174.467345185008327, -35.50577312588134 ], [ 174.467345625068447, -35.505770414834593 ], [ 174.467345691312858, -35.505770031942724 ], [ 174.467346188195762, -35.505767327469172 ], [ 174.467346262464872, -35.505766945563124 ], [ 174.467346816024303, -35.505764248459009 ], [ 174.467346898296256, -35.505763867651154 ], [ 174.467347508369215, -35.505761178710578 ], [ 174.467347598619767, -35.505760799113084 ], [ 174.467348034788472, -35.505759045040826 ], [ 174.467348773882577, -35.505753894001217 ], [ 174.467349494855711, -35.50574798723504 ], [ 174.467350090648353, -35.505742071146919 ], [ 174.467350561081872, -35.505736147510738 ], [ 174.467350906015355, -35.50573021810208 ], [ 174.467351125345346, -35.505724284698942 ], [ 174.467351219006133, -35.505718349080027 ], [ 174.467351186969694, -35.505712413024689 ], [ 174.467351029245634, -35.505706478312945 ], [ 174.467350745881248, -35.505700546723645 ], [ 174.467350336961573, -35.505694620035364 ], [ 174.467349802609164, -35.505688700024791 ], [ 174.46734914298429, -35.505682788466913 ], [ 174.467348358284738, -35.505676887133845 ], [ 174.467347448745784, -35.505670997795029 ], [ 174.467346414640105, -35.505665122215852 ], [ 174.46734525627781, -35.50565926215792 ], [ 174.467343974006184, -35.505653419378284 ], [ 174.467342568209688, -35.505647595628439 ], [ 174.467341039309815, -35.505641792654444 ], [ 174.467339387764866, -35.505636012195801 ], [ 174.467337614070146, -35.505630255985864 ], [ 174.46733571875734, -35.505624525750207 ], [ 174.467334275246884, -35.505620443309326 ], [ 174.467331168467524, -35.505615211071223 ], [ 174.467327375986798, -35.505609132069374 ], [ 174.467327161489408, -35.505608780720664 ], [ 174.467323379879247, -35.5056024489568 ], [ 174.467323172901217, -35.505602094605386 ], [ 174.467319526786753, -35.505595709924329 ], [ 174.467319327390868, -35.50559535267778 ], [ 174.467315817879069, -35.505588917018045 ], [ 174.467315626125952, -35.505588556984826 ], [ 174.467312254282348, -35.505582072300363 ], [ 174.46731207023015, -35.505581709589833 ], [ 174.467308837078434, -35.505575177849536 ], [ 174.467308660783061, -35.505574812571773 ], [ 174.467305567304891, -35.50556823575878 ], [ 174.46730539881986, -35.505567868024706 ], [ 174.467302445954374, -35.505561248135869 ], [ 174.467302285330874, -35.505560878057139 ], [ 174.467299473974634, -35.505554217102365 ], [ 174.467299321261351, -35.505553844791322 ], [ 174.467296652267862, -35.505547144792992 ], [ 174.467296507511207, -35.50554677036272 ], [ 174.46729398169083, -35.505540033355068 ], [ 174.467293844934744, -35.505539656919183 ], [ 174.467291463054266, -35.505532884947698 ], [ 174.467291334340331, -35.505532506620554 ], [ 174.467289097122887, -35.505525701741313 ], [ 174.467288976490096, -35.505525321637741 ], [ 174.467286884614992, -35.505518485916824 ], [ 174.46728677210001, -35.505518104152252 ], [ 174.467284826202246, -35.50551123966509 ], [ 174.467284721839206, -35.5055108563554 ], [ 174.467282922509611, -35.5055039651862 ], [ 174.467282826330234, -35.505503580447801 ], [ 174.467281174115016, -35.50549666468882 ], [ 174.467281086148489, -35.505496278638518 ], [ 174.467279581549292, -35.505489340389474 ], [ 174.467279501822276, -35.505488953144486 ], [ 174.467278145295893, -35.505481994511996 ], [ 174.467278073832659, -35.505481606189861 ], [ 174.467276865790893, -35.505474629286653 ], [ 174.4672768026131, -35.505474240005299 ], [ 174.467275743422675, -35.505467246949699 ], [ 174.467275688549506, -35.505466856827319 ], [ 174.467274778532015, -35.505459849742529 ], [ 174.467274731980126, -35.505459458897576 ], [ 174.467273971411799, -35.505452439911032 ], [ 174.467273933195315, -35.505452048462161 ], [ 174.467273322307022, -35.505445019704965 ], [ 174.467273292437568, -35.505444627771034 ], [ 174.467272831414732, -35.505437591377245 ], [ 174.467272809901402, -35.505437199077242 ], [ 174.467272498883972, -35.505430157183213 ], [ 174.467272485733218, -35.505429764636268 ], [ 174.46727232481561, -35.505422719380043 ], [ 174.467272320031469, -35.5054223267053 ], [ 174.467272309262484, -35.505415280225911 ], [ 174.467272312846376, -35.505414887542635 ], [ 174.467272452229224, -35.505407841979519 ], [ 174.467272464180098, -35.505407449406903 ], [ 174.467272753672432, -35.505400406899206 ], [ 174.467272773986622, -35.505400014556471 ], [ 174.467273213500505, -35.505392977242423 ], [ 174.467273242171842, -35.505392585248657 ], [ 174.467273831573806, -35.505385555264873 ], [ 174.467273868593622, -35.50538516373912 ], [ 174.46727460770461, -35.505378143220035 ], [ 174.467274653061651, -35.505377752281149 ], [ 174.467275541657273, -35.505370743358277 ], [ 174.467275595337753, -35.505370353124967 ], [ 174.467276633148174, -35.505363357926363 ], [ 174.46727669513578, -35.505362968517119 ], [ 174.467277881845831, -35.505355989166596 ], [ 174.467277952121776, -35.505355600699616 ], [ 174.467279287371156, -35.505348639316232 ], [ 174.467279365914067, -35.505348251909474 ], [ 174.467280732153171, -35.505341858767821 ], [ 174.467281385907626, -35.50533755667869 ], [ 174.467281995771572, -35.505332886056905 ], [ 174.467282506973874, -35.505328207524983 ], [ 174.467282919362333, -35.505323522476147 ], [ 174.467283232814111, -35.505318832305818 ], [ 174.467283447235928, -35.505314138410569 ], [ 174.467283562563836, -35.505309442188704 ], [ 174.467283578763613, -35.505304745038906 ], [ 174.467283495830401, -35.50530004835985 ], [ 174.467283313788869, -35.505295353550473 ], [ 174.467283032693359, -35.505290662008953 ], [ 174.467282652627546, -35.505285975132743 ], [ 174.467282173704632, -35.505281294317484 ], [ 174.467281596067266, -35.505276620957424 ], [ 174.467280919887514, -35.50527195644424 ], [ 174.4672801453668, -35.505267302167297 ], [ 174.467279272735823, -35.505262659512709 ], [ 174.467278302254414, -35.505258029863136 ], [ 174.467277234211736, -35.505253414597654 ], [ 174.46727606892577, -35.505248815090454 ], [ 174.467274806743717, -35.505244232711661 ], [ 174.467273448041368, -35.505239668825737 ], [ 174.467271993223562, -35.50523512479235 ], [ 174.46727044272339, -35.50523060196435 ], [ 174.467268797002845, -35.505226101689246 ], [ 174.467267056551975, -35.505221625306973 ], [ 174.467265221889164, -35.505217174150758 ], [ 174.467263293560819, -35.505212749546423 ], [ 174.4672612721414, -35.505208352811835 ], [ 174.467259158232707, -35.505203985255967 ], [ 174.46725695246451, -35.505199648179989 ], [ 174.467254655493804, -35.50519534287573 ], [ 174.467252268004387, -35.505191070624797 ], [ 174.467249790707854, -35.505186832700431 ], [ 174.467247224341463, -35.505182630363961 ], [ 174.467244569669958, -35.505178464867605 ], [ 174.467241827483718, -35.505174337451372 ], [ 174.46723980866679, -35.505171419997716 ], [ 174.467238283675016, -35.505171413471167 ], [ 174.467232930090262, -35.505171464846761 ], [ 174.467227578343056, -35.505171590496218 ], [ 174.467222229972407, -35.505171790383407 ], [ 174.467216886520703, -35.505172064450662 ], [ 174.467211549525928, -35.505172412619103 ], [ 174.467206220522996, -35.50517283478861 ], [ 174.467200901049694, -35.505173330837358 ], [ 174.467195592634624, -35.505173900622815 ], [ 174.467190296808184, -35.505174543980665 ], [ 174.467185015094572, -35.505175260725785 ], [ 174.467179749014605, -35.505176050651791 ], [ 174.467174500085491, -35.505176913531102 ], [ 174.467169269817362, -35.505177849115434 ], [ 174.467164059716964, -35.50517885713532 ], [ 174.467158871284823, -35.50517993730039 ], [ 174.467153706014614, -35.50518108929969 ], [ 174.467148565393103, -35.505182312801665 ], [ 174.467143450901176, -35.505183607453816 ], [ 174.467138364011447, -35.50518497288342 ], [ 174.467133306188714, -35.505186408697234 ], [ 174.467128278889106, -35.505187914481951 ], [ 174.467123283560625, -35.505189489803826 ], [ 174.46711832164101, -35.505191134209461 ], [ 174.467113394559874, -35.505192847225111 ], [ 174.467108503734863, -35.505194628357856 ], [ 174.467103650575808, -35.505196477094273 ], [ 174.467098836478783, -35.505198392902578 ], [ 174.467094062830341, -35.505200375230963 ], [ 174.467089331005582, -35.505202423508386 ], [ 174.467084642366501, -35.505204537145303 ], [ 174.467080391466595, -35.505206890358942 ], [ 174.467078710419145, -35.505180846022427 ], [ 174.467076587421388, -35.505157000399798 ], [ 174.467080161128962, -35.505155700313423 ], [ 174.467085438244226, -35.505153690077677 ], [ 174.467085863847046, -35.505153531530375 ], [ 174.467091181917596, -35.505151594804303 ], [ 174.467091610749122, -35.50515144218511 ], [ 174.467096968243681, -35.505149579526375 ], [ 174.467097400180592, -35.5051494328792 ], [ 174.467102795556428, -35.505147644824149 ], [ 174.467103230474237, -35.505147504191257 ], [ 174.46710866217785, -35.505145791254748 ], [ 174.467109099951301, -35.505145656676625 ], [ 174.467114566418559, -35.50514401935191 ], [ 174.467115006921773, -35.505143890867252 ], [ 174.467120506578681, -35.505142329625791 ], [ 174.467120949684585, -35.505142207271653 ], [ 174.467126480947485, -35.505140722562999 ], [ 174.467126926528721, -35.505140606374574 ], [ 174.467132487804946, -35.505139198626232 ], [ 174.467132935733019, -35.505139088637016 ], [ 174.467138525421205, -35.505137758254342 ], [ 174.467138975567224, -35.505137654495989 ], [ 174.467144592057821, -35.505136401862082 ], [ 174.467145044292153, -35.505136304364463 ], [ 174.467150685967937, -35.505135129839978 ], [ 174.467151140160411, -35.505135038631153 ], [ 174.467156805396854, -35.505133942554338 ], [ 174.467157261416588, -35.505133857660596 ], [ 174.467162948582455, -35.505132840347017 ], [ 174.467163406298198, -35.505132761792815 ], [ 174.46716911375583, -35.505131823535407 ], [ 174.467169573035733, -35.505131751343335 ], [ 174.467175299141701, -35.505130892412289 ], [ 174.467175759853717, -35.505130826603128 ], [ 174.467181502959249, -35.505130047245764 ], [ 174.467181964970393, -35.505129987838515 ], [ 174.467187723421745, -35.505129288279228 ], [ 174.467188186599174, -35.505129235290951 ], [ 174.46719395873825, -35.505128615731188 ], [ 174.467194422948609, -35.505128569177153 ], [ 174.467200207113308, -35.505128029795323 ], [ 174.467200672222901, -35.505127989688908 ], [ 174.467206466747712, -35.505127530640316 ], [ 174.467206932622531, -35.505127496993133 ], [ 174.467212735838928, -35.505127118409945 ], [ 174.467213202344993, -35.505127091231614 ], [ 174.467219012581978, -35.505126793222878 ], [ 174.467219479584742, -35.505126772521258 ], [ 174.467225295169271, -35.505126555172751 ], [ 174.467225762534497, -35.505126540953803 ], [ 174.467231581791992, -35.505126404328131 ], [ 174.467232049384961, -35.505126396595934 ], [ 174.467237870639792, -35.505126340732431 ], [ 174.46723833832587, -35.505126339489244 ], [ 174.467244159901838, -35.505126364403978 ], [ 174.467244627546336, -35.505126369650121 ], [ 174.467250447767128, -35.505126475335928 ], [ 174.467250915235525, -35.505126487069916 ], [ 174.467256732425199, -35.505126673496378 ], [ 174.467265189952144, -35.505128048414839 ], [ 174.467272713943004, -35.505131493112778 ], [ 174.467278567897466, -35.505136670399395 ], [ 174.467279155748656, -35.505137712818367 ], [ 174.467279969560934, -35.505138492511733 ], [ 174.46728321768029, -35.505142830059334 ], [ 174.467283462552871, -35.505143163489507 ], [ 174.467286618647705, -35.505147546225487 ], [ 174.467286856446975, -35.505147883061383 ], [ 174.467289919577325, -35.50515230968044 ], [ 174.467290150232543, -35.505152649821795 ], [ 174.467293119486072, -35.505157119005588 ], [ 174.467293342928485, -35.505157462351065 ], [ 174.467296217420909, -35.505161972768541 ], [ 174.467296433583982, -35.505162319215877 ], [ 174.467299212459181, -35.505166869523748 ], [ 174.46729942127854, -35.505167218969781 ], [ 174.467302103708846, -35.505171807812808 ], [ 174.467302305122303, -35.505172160153457 ], [ 174.46730489030881, -35.505176786164988 ], [ 174.467305084256338, -35.50517714129532 ], [ 174.467307571429131, -35.505181803097592 ], [ 174.467307757853035, -35.505182160911836 ], [ 174.467310146271302, -35.50518685711647 ], [ 174.467310325116017, -35.50518721750808 ], [ 174.467312614068419, -35.505191946716401 ], [ 174.467312785280683, -35.505192309578035 ], [ 174.467314974085497, -35.505197070381598 ], [ 174.467315137614321, -35.505197435605133 ], [ 174.467317225619666, -35.505202226586007 ], [ 174.467317381416336, -35.505202594062752 ], [ 174.467319368000318, -35.505207413794082 ], [ 174.467319516018392, -35.505207783414548 ], [ 174.467321400589356, -35.505212630460875 ], [ 174.467321540784837, -35.505213002114999 ], [ 174.467323322781453, -35.505217875032763 ], [ 174.467323455112535, -35.505218248609836 ], [ 174.467325134004057, -35.50522314594776 ], [ 174.467325258431345, -35.505223521336532 ], [ 174.467326833717749, -35.505228441636064 ], [ 174.467326950204182, -35.50522881872471 ], [ 174.467328421416312, -35.50523376052044 ], [ 174.46732852992713, -35.505234139196688 ], [ 174.467329896626808, -35.505239101016834 ], [ 174.467329997129752, -35.505239481167877 ], [ 174.467331258909866, -35.505244461534666 ], [ 174.467331351375037, -35.505244843047322 ], [ 174.467332507859737, -35.505249840477475 ], [ 174.467332592259567, -35.505250223238072 ], [ 174.467333643104496, -35.505255236243222 ], [ 174.46733371941383, -35.505255620137795 ], [ 174.467334664305952, -35.505260647224944 ], [ 174.467334732502053, -35.505261032139153 ], [ 174.467335571159964, -35.505266071811086 ], [ 174.467335631222539, -35.505266457630292 ], [ 174.467336363396413, -35.505271508386073 ], [ 174.467336415307557, -35.505271894995374 ], [ 174.467337040779313, -35.505276955330743 ], [ 174.467337084523592, -35.505277342614995 ], [ 174.467337603106927, -35.505282411022847 ], [ 174.467337638671296, -35.505282798866709 ], [ 174.467338050211737, -35.505287873837545 ], [ 174.467338077585595, -35.505288262125497 ], [ 174.467338381960559, -35.505293342147851 ], [ 174.467338401135777, -35.505293730764265 ], [ 174.467338598254599, -35.505298814325187 ], [ 174.467338609225436, -35.505299203154294 ], [ 174.467338699029369, -35.505304288739744 ], [ 174.467338701792556, -35.505304677665769 ], [ 174.467338684254855, -35.505309763761126 ], [ 174.467338678809568, -35.50531015266823 ], [ 174.467338553935463, -35.505315237758708 ], [ 174.467338540283322, -35.505315626531051 ], [ 174.467338308109902, -35.5053207091022 ], [ 174.467338286254972, -35.505321097624005 ], [ 174.467337946851416, -35.505326176162093 ], [ 174.467337916800261, -35.505326564317627 ], [ 174.467337470267609, -35.505331637310114 ], [ 174.467337432029097, -35.505332024983801 ], [ 174.467336878500305, -35.505337090919802 ], [ 174.467336832085863, -35.505337477996193 ], [ 174.467336171725805, -35.505342535366935 ], [ 174.467336117149245, -35.505342921730715 ], [ 174.467335350154542, -35.505347969029998 ], [ 174.467335149094595, -35.505349069411551 ], [ 174.467333707051154, -35.505355817291168 ], [ 174.467332446221207, -35.505362390708697 ], [ 174.467331325652367, -35.505368981091891 ], [ 174.467330345684815, -35.505375586440024 ], [ 174.467330065226463, -35.505377798606567 ], [ 174.467330306343769, -35.505377691645378 ], [ 174.467330711100203, -35.505377515639537 ], [ 174.46733952589193, -35.505373759142081 ], [ 174.467339934172429, -35.505373588665393 ], [ 174.46734882415376, -35.505369952571392 ], [ 174.467349235845347, -35.505369787671036 ], [ 174.467358198556866, -35.505366272986421 ], [ 174.467358613545599, -35.505366113708014 ], [ 174.467367646507682, -35.505362721405149 ], [ 174.467368064678908, -35.505362567792737 ], [ 174.467377165392492, -35.50535929881012 ], [ 174.46737758663042, -35.505359150906216 ], [ 174.467386752577795, -35.505356006148233 ], [ 174.46738717676584, -35.505355863993756 ], [ 174.467396405411165, -35.505352844330432 ], [ 174.46739683243203, -35.505352707964683 ], [ 174.467406121222126, -35.505349814231423 ], [ 174.467406550957662, -35.505349683692174 ], [ 174.467415897322724, -35.505346916689525 ], [ 174.467416329654071, -35.505346792012844 ], [ 174.467425731008376, -35.505344152506339 ], [ 174.467426165815851, -35.505344033726736 ], [ 174.467435619558472, -35.505341522446592 ], [ 174.467436056721851, -35.50534140959693 ], [ 174.467445560237337, -35.505339027237902 ], [ 174.467445999635686, -35.505338920349431 ], [ 174.467455550294801, -35.505336667570617 ], [ 174.467455991806503, -35.505336566672867 ], [ 174.467465586967023, -35.5053344440975 ], [ 174.467466030469978, -35.505334349218408 ], [ 174.467475667477373, -35.50533235743373 ], [ 174.467476112848857, -35.505332268599524 ], [ 174.467485789036971, -35.505330408156546 ], [ 174.46748767943987, -35.50533010129184 ], [ 174.467490008056558, -35.505329792055896 ], [ 174.467490478980949, -35.505329732929461 ], [ 174.467492813786919, -35.505329456654067 ], [ 174.467493285890811, -35.505329404192864 ], [ 174.467495626188338, -35.505329160960585 ], [ 174.467496099330589, -35.505329115180274 ], [ 174.467498444420301, -35.505328905063784 ], [ 174.467498918459796, -35.505328865978043 ], [ 174.467501267640984, -35.505328689040148 ], [ 174.467501742435815, -35.505328656660673 ], [ 174.467504095006404, -35.505328512954229 ], [ 174.467504570414803, -35.505328487290654 ], [ 174.467506925671842, -35.505328376858607 ], [ 174.467507401551785, -35.505328357918657 ], [ 174.467509758791408, -35.505328280794004 ], [ 174.467510235000645, -35.505328268583305 ], [ 174.46751259351845, -35.505328224789103 ], [ 174.467513069914617, -35.505328219311316 ], [ 174.467515429005857, -35.505328208860647 ], [ 174.467515905446561, -35.505328210117405 ], [ 174.467518264406209, -35.50532823301338 ], [ 174.467518740749341, -35.505328241004314 ], [ 174.467521098872538, -35.505328297240112 ], [ 174.467521574975478, -35.505328311962813 ], [ 174.467523931557508, -35.505328401521616 ], [ 174.467524407278063, -35.505328422971715 ], [ 174.467526761614721, -35.505328545826764 ], [ 174.467527236810838, -35.505328573997836 ], [ 174.467529588198602, -35.505328730112417 ], [ 174.467530062728088, -35.505328764996044 ], [ 174.467532410464258, -35.505328954323502 ], [ 174.467532884185403, -35.505328995909252 ], [ 174.467535227568447, -35.505329218393015 ], [ 174.467535700339766, -35.505329266668475 ], [ 174.467538038669403, -35.505329522242064 ], [ 174.46753851034947, -35.505329577192796 ], [ 174.467540842926951, -35.505329865779821 ], [ 174.467541313375079, -35.505329927389418 ], [ 174.467543639503361, -35.505330248903682 ], [ 174.467544108578522, -35.5053303171537 ], [ 174.467546427562468, -35.505330671499081 ], [ 174.467546895124912, -35.505330746369154 ], [ 174.46754920627157, -35.505331133439768 ], [ 174.467549672181406, -35.505331214907535 ], [ 174.467551974800188, -35.505331634587741 ], [ 174.467552438918148, -35.505331722628824 ], [ 174.467554732320906, -35.505332174793203 ], [ 174.46755519450835, -35.50533226938132 ], [ 174.467557478009752, -35.505332753894741 ], [ 174.467557938128522, -35.505332855001598 ], [ 174.467560211046191, -35.50533337171926 ], [ 174.467560668958839, -35.505333479314665 ], [ 174.467562930613582, -35.505334028082174 ], [ 174.467563386183457, -35.505334142134025 ], [ 174.467565635899433, -35.505334722787403 ], [ 174.467566088989884, -35.50533484326148 ], [ 174.467568326094806, -35.505335455627204 ], [ 174.467568776571028, -35.50533558248766 ], [ 174.46757100039639, -35.505336226382745 ], [ 174.467571448123323, -35.505336359591546 ], [ 174.467573658004568, -35.505337034823569 ], [ 174.467574102848744, -35.505337174341022 ], [ 174.467576298125522, -35.505337880708204 ], [ 174.467576739953699, -35.505338026492495 ], [ 174.467578919969981, -35.505338763783762 ], [ 174.467579358650426, -35.505338915791434 ], [ 174.467581522754784, -35.50533968378646 ], [ 174.46758195815616, -35.505339841972024 ], [ 174.46758410570186, -35.505340640441304 ], [ 174.467584537694194, -35.505340804757502 ], [ 174.46758666803953, -35.505341633462429 ], [ 174.467587096493645, -35.505341803860148 ], [ 174.467589209001972, -35.505342662553105 ], [ 174.467589633790055, -35.505342838981484 ], [ 174.467591727830097, -35.505343727405837 ], [ 174.467592148824991, -35.505343909812112 ], [ 174.467594223771016, -35.505344827702416 ], [ 174.467594640846897, -35.505345016032038 ], [ 174.467596696078857, -35.505345963113975 ], [ 174.46759710911121, -35.50534615731074 ], [ 174.46759914401494, -35.505347133301292 ], [ 174.467599552880301, -35.505347333307135 ], [ 174.467601566847719, -35.505348337914647 ], [ 174.46760197142379, -35.505348543669754 ], [ 174.467603963853037, -35.505349576594028 ], [ 174.467604364019195, -35.505349788037066 ], [ 174.467606334314894, -35.505350848969435 ], [ 174.467606729951228, -35.505351066037036 ], [ 174.467608677524595, -35.505352154660464 ], [ 174.467609068513127, -35.505352377287871 ], [ 174.46761099278217, -35.505353493277049 ], [ 174.467611379005916, -35.505353721397661 ], [ 174.467613279395607, -35.505354864419083 ], [ 174.467613660739318, -35.505355097964852 ], [ 174.467615536681762, -35.50535626767698 ], [ 174.467615913031267, -35.505356506577975 ], [ 174.467617763965876, -35.505357702631251 ], [ 174.467618135208909, -35.505357946816176 ], [ 174.467619960582596, -35.50535916885319 ], [ 174.467620326608028, -35.505359418248993 ], [ 174.467622125875295, -35.505360665904554 ], [ 174.467622486573987, -35.505360920436864 ], [ 174.467624259197152, -35.505362193338136 ], [ 174.467624614460988, -35.505362452930676 ], [ 174.467626359910355, -35.505363750697271 ], [ 174.467626709633606, -35.505364015272733 ], [ 174.467628427387581, -35.505365337516885 ], [ 174.467628771465229, -35.505365606995881 ], [ 174.467630461010543, -35.505366953322422 ], [ 174.467630799340213, -35.505367227624724 ], [ 174.467632460171927, -35.505368597631382 ], [ 174.467632792652239, -35.505368876674822 ], [ 174.467634424274053, -35.505370269952159 ], [ 174.467634750805843, -35.505370553653478 ], [ 174.467636352730182, -35.505371969785166 ], [ 174.467636673215623, -35.505372258059403 ], [ 174.46763824496378, -35.505373696622236 ], [ 174.46763855930746, -35.505373989383557 ], [ 174.467640100409767, -35.505375449947678 ], [ 174.467640408517383, -35.505375747108253 ], [ 174.467641918513323, -35.505377229237197 ], [ 174.467642220293044, -35.505377530708451 ], [ 174.467643698731337, -35.505379033959301 ], [ 174.467643994092924, -35.505379339651128 ], [ 174.467645440531811, -35.505380863574679 ], [ 174.46764572938693, -35.505381173395605 ], [ 174.467647143394146, -35.505382717536463 ], [ 174.467647425656594, -35.505383031394011 ], [ 174.467648806809592, -35.505384595290764 ], [ 174.467649082394956, -35.505384913091135 ], [ 174.467650430281026, -35.505386496276394 ], [ 174.467650699106969, -35.505386817924638 ], [ 174.467652013323345, -35.505388419925374 ], [ 174.467652275309433, -35.50538874532527 ], [ 174.467653555463357, -35.505390365662691 ], [ 174.467653810531431, -35.505390694717093 ], [ 174.467655056240346, -35.505392332907043 ], [ 174.467655304314121, -35.505392665517576 ], [ 174.467656515205789, -35.505394321070497 ], [ 174.46765675621117, -35.505394657137813 ], [ 174.467657931923753, -35.505396329558991 ], [ 174.46765816578872, -35.505396668982655 ], [ 174.467659305970841, -35.505398357772307 ], [ 174.467659532625419, -35.505398700450812 ], [ 174.467660636936387, -35.505400405104304 ], [ 174.467660856312989, -35.505400750935387 ], [ 174.467661924422771, -35.505402470943302 ], [ 174.467662136455715, -35.505402819823438 ], [ 174.467663168045135, -35.505404554671784 ], [ 174.467663372671183, -35.505404906496871 ], [ 174.467664367431951, -35.50540665566723 ], [ 174.467664564589882, -35.505407010332114 ], [ 174.467665522224792, -35.505408773301788 ], [ 174.467665711855602, -35.505409130700365 ], [ 174.467666632078476, -35.505410906942515 ], [ 174.467666814125664, -35.505411266968196 ], [ 174.467667696661437, -35.50541305595204 ], [ 174.467667871070461, -35.505413418497 ], [ 174.467668715655492, -35.505415219687947 ], [ 174.46766888237434, -35.505415584644027 ], [ 174.46766968875616, -35.505417397503813 ], [ 174.467669847734982, -35.505417764761859 ], [ 174.46767061567266, -35.505419588748765 ], [ 174.467670766863904, -35.505419958199056 ], [ 174.467671496127934, -35.505421792768011 ], [ 174.467671639486468, -35.505422164300128 ], [ 174.467672329858942, -35.505424008902907 ], [ 174.467672465341906, -35.505424382405906 ], [ 174.46767311661651, -35.50542623649131 ], [ 174.46767324418343, -35.50542661185348 ], [ 174.467673856165561, -35.505428474867408 ], [ 174.46767397577824, -35.505428851976625 ], [ 174.467674548285004, -35.505430723362416 ], [ 174.4676746599078, -35.505431102105952 ], [ 174.46767519276807, -35.505432981304345 ], [ 174.467675296367588, -35.505433361569061 ], [ 174.467675789422202, -35.505435248018507 ], [ 174.467675884967463, -35.505435629690759 ], [ 174.467676338069055, -35.505437522827521 ], [ 174.467676425531522, -35.505437905793286 ], [ 174.467676838544662, -35.505439805051651 ], [ 174.467676917898189, -35.505440189196385 ], [ 174.46767729069947, -35.505442094008799 ], [ 174.46767736192038, -35.50544247921782 ], [ 174.46767769439839, -35.505444389015061 ], [ 174.467677757465339, -35.505444775173231 ], [ 174.467678049520714, -35.50544668938462 ], [ 174.467678104414944, -35.505447076376441 ], [ 174.467678355960402, -35.505448994429941 ], [ 174.467678402665427, -35.505449382139936 ], [ 174.467678613625793, -35.505451303462358 ], [ 174.467678652127688, -35.505451691774546 ], [ 174.46767882243995, -35.505453615791758 ], [ 174.467678852727204, -35.505454004590163 ], [ 174.467678982340459, -35.505455930727216 ], [ 174.467679004404033, -35.505456319895622 ], [ 174.467679093279514, -35.505458247576932 ], [ 174.467679107112787, -35.505458636999066 ], [ 174.467679155223948, -35.505460565648576 ], [ 174.467679160822797, -35.505460955208036 ], [ 174.467679168155257, -35.505462884249418 ], [ 174.467679165518007, -35.505463273829825 ], [ 174.467679132069605, -35.505465202686622 ], [ 174.467679121197051, -35.505465592171539 ], [ 174.467679080481105, -35.50546664990447 ], [ 174.467679968919725, -35.505482509861864 ], [ 174.467681230406583, -35.505499038555932 ], [ 174.467682507362582, -35.505512248490732 ], [ 174.467689153976721, -35.505497563580285 ], [ 174.467689316956637, -35.505497212508679 ], [ 174.467697789051869, -35.50547941135499 ], [ 174.467697959162678, -35.505479062552581 ], [ 174.467706792802375, -35.505461379295149 ], [ 174.46770696999684, -35.505461032858783 ], [ 174.467716162728294, -35.505443472406967 ], [ 174.467716346957218, -35.505443128432809 ], [ 174.467725896227989, -35.505425695661906 ], [ 174.467726087440269, -35.50542535424546 ], [ 174.46773599059901, -35.505408053995289 ], [ 174.467736188741497, -35.505407715231343 ], [ 174.467746443038578, -35.505390552304931 ], [ 174.467746648056277, -35.505390216287537 ], [ 174.46775725064461, -35.505373195449785 ], [ 174.467757462480563, -35.505372862272232 ], [ 174.467768410416312, -35.505355988248603 ], [ 174.467768629011744, -35.505355658003388 ], [ 174.467779902460705, -35.505338960353825 ], [ 174.467784154488157, -35.505332624762708 ], [ 174.467788179072755, -35.505326376329137 ], [ 174.467792072018455, -35.505320072377813 ], [ 174.46779583218003, -35.505313714763254 ], [ 174.467799458452049, -35.505307305354471 ], [ 174.46780294976773, -35.505300846037194 ], [ 174.467806305099998, -35.505294338711614 ], [ 174.467809523462449, -35.505287785290761 ], [ 174.467812603908243, -35.505281187702863 ], [ 174.467815545531408, -35.505274547888312 ], [ 174.467818347466931, -35.505267867799624 ], [ 174.467821008890525, -35.505261149402038 ], [ 174.467823529019626, -35.505254394671319 ], [ 174.467825907113024, -35.505247605594022 ], [ 174.46782814247112, -35.505240784167626 ], [ 174.467830234436747, -35.50523393239768 ], [ 174.467832182394432, -35.505227052299901 ], [ 174.467833985771449, -35.505220145897567 ], [ 174.467835689417086, -35.505213025558746 ], [ 174.467836001913781, -35.505211878945751 ], [ 174.46783706122568, -35.50520841942722 ], [ 174.46783718034996, -35.505208044122007 ], [ 174.467838312292145, -35.505204600017649 ], [ 174.467838439295065, -35.505204226443809 ], [ 174.467839643532471, -35.505200798773075 ], [ 174.467839778376486, -35.505200427041117 ], [ 174.467841054552622, -35.505197016818634 ], [ 174.467841197197771, -35.505196647038694 ], [ 174.467842544934882, -35.505193255273866 ], [ 174.467842695338987, -35.505192887555346 ], [ 174.467844114238119, -35.505189515252169 ], [ 174.467844272356643, -35.505189149703895 ], [ 174.467845761997808, -35.505185797860584 ], [ 174.467845927783912, -35.505185434590807 ], [ 174.467847487726203, -35.505182104199484 ], [ 174.467847661130776, -35.505181743315731 ], [ 174.467849290912397, -35.505178435362225 ], [ 174.467849471884222, -35.505178076971262 ], [ 174.467851171022744, -35.50517479243473 ], [ 174.46785135950816, -35.50517443664269 ], [ 174.467853127500632, -35.505171176495367 ], [ 174.467853323443876, -35.505170823407589 ], [ 174.467855159766913, -35.505167588614491 ], [ 174.467855363110004, -35.505167238335424 ], [ 174.467857267220126, -35.505164029854051 ], [ 174.467857477902868, -35.505163682487378 ], [ 174.467859449236357, -35.505160501267461 ], [ 174.467859667196365, -35.50516015691607 ], [ 174.467861705169724, -35.505157003899249 ], [ 174.467861930342508, -35.50515666266503 ], [ 174.467864034352488, -35.505153538784576 ], [ 174.46786426667137, -35.505153200768532 ], [ 174.467866436095221, -35.505150106949166 ], [ 174.467866675491422, -35.505149772251379 ], [ 174.467868909686899, -35.505146709408834 ], [ 174.46786915608962, -35.505146378128323 ], [ 174.467871454395407, -35.505143347169252 ], [ 174.467871707731661, -35.505143019404152 ], [ 174.467874069467456, -35.505140021225706 ], [ 174.467874329662266, -35.505139697072956 ], [ 174.46787675412898, -35.505136732562583 ], [ 174.467877021105323, -35.505136412118198 ], [ 174.467879507585337, -35.505133482153433 ], [ 174.467879781264173, -35.505133165512198 ], [ 174.46788232902145, -35.505130270960301 ], [ 174.467882609321776, -35.505129958216031 ], [ 174.467885217602117, -35.505127099933794 ], [ 174.467885504441028, -35.505126791178945 ], [ 174.467888172472442, -35.505123970012448 ], [ 174.467888465764901, -35.505123665338552 ], [ 174.467891192757605, -35.505120882122817 ], [ 174.467891492416925, -35.505120581619934 ], [ 174.467894277563744, -35.50511783717883 ], [ 174.467894583501135, -35.505117540935998 ], [ 174.467897425977611, -35.505114836081887 ], [ 174.46789773810255, -35.505114544186746 ], [ 174.467900637067316, -35.505111879720275 ], [ 174.467900955287433, -35.505111592259205 ], [ 174.467903909882409, -35.505108968969047 ], [ 174.467904234103486, -35.505108686027178 ], [ 174.46790724345405, -35.505106104689837 ], [ 174.467907573580106, -35.505105826350956 ], [ 174.467910636795523, -35.505103287730499 ], [ 174.467910972728845, -35.505103014076902 ], [ 174.467914088902404, -35.505100518924785 ], [ 174.467914430543544, -35.505100250037529 ], [ 174.46791759875282, -35.505097799092319 ], [ 174.467917946000682, -35.505097535051007 ], [ 174.467921165307871, -35.505095129038175 ], [ 174.467921518059654, -35.505094869920931 ], [ 174.467924787511834, -35.505092509552682 ], [ 174.46792514566306, -35.505092255436239 ], [ 174.46792846429247, -35.505089941411214 ], [ 174.467928827737296, -35.505089692370738 ], [ 174.46793219456157, -35.505087425373908 ], [ 174.46793256319225, -35.505087181483169 ], [ 174.467935977214864, -35.505084962185578 ], [ 174.467936350922344, -35.505084723516724 ], [ 174.46793981113268, -35.505082552575288 ], [ 174.467940189806313, -35.50508231919904 ], [ 174.467943695180168, -35.505080197256348 ], [ 174.467944078708001, -35.505079969241649 ], [ 174.467947628207781, -35.505077896925812 ], [ 174.467948016476015, -35.50507767434032 ], [ 174.467951609051084, -35.505075652264722 ], [ 174.467952001945036, -35.505075435174206 ], [ 174.467955636531912, -35.505073463937407 ], [ 174.467956033935195, -35.505073252406177 ], [ 174.467959709458086, -35.505071332591648 ], [ 174.467960111253063, -35.505071126682296 ], [ 174.467963826623958, -35.505069258858327 ], [ 174.467964232691713, -35.505069058631818 ], [ 174.467967986810919, -35.50506724335127 ], [ 174.467968397031228, -35.505067048866856 ], [ 174.467972188787485, -35.505065286667069 ], [ 174.467972603039016, -35.505065097982303 ], [ 174.467976431309921, -35.505063389384887 ], [ 174.467976849469892, -35.505063206555668 ], [ 174.46798071312233, -35.505061552066351 ], [ 174.467981135067134, -35.505061375146738 ], [ 174.467985032957415, -35.505059775255283 ], [ 174.467985458561998, -35.505059604297706 ], [ 174.46798938953637, -35.505058059477648 ], [ 174.46798981867488, -35.505057894532676 ], [ 174.46799378156976, -35.505056405241298 ], [ 174.467994214115066, -35.505056246357768 ], [ 174.467998207757404, -35.505054813035912 ], [ 174.467998643581609, -35.505054660260825 ], [ 174.468002666789289, -35.505053283332749 ], [ 174.468003105763245, -35.505053136711368 ], [ 174.468007157345397, -35.505051816584619 ], [ 174.46800759933933, -35.505051676160306 ], [ 174.468011678096673, -35.505050413225682 ], [ 174.468012122979559, -35.505050279040042 ], [ 174.468016227704794, -35.505049073671351 ], [ 174.468016675345041, -35.505048945764074 ], [ 174.468020804823169, -35.505047798318117 ], [ 174.468021255088274, -35.505047676727074 ], [ 174.468025408096935, -35.50504658754349 ], [ 174.468025860853658, -35.505046472304656 ], [ 174.468030036163583, -35.505045441705846 ], [ 174.46803049127783, -35.505045332853342 ], [ 174.468034687653102, -35.505044361144378 ], [ 174.468035144990154, -35.505044258710448 ], [ 174.46803936118863, -35.505043346178923 ], [ 174.468039820613285, -35.505043250193829 ], [ 174.468044055386997, -35.505042397109875 ], [ 174.46804451676303, -35.505042307602103 ], [ 174.468048768858466, -35.505041514218227 ], [ 174.468049232049424, -35.505041431214238 ], [ 174.468053500207958, -35.505040697765295 ], [ 174.468053965076763, -35.505040621289638 ], [ 174.468056067394429, -35.505040290797517 ], [ 174.468105989540646, -35.505025356325049 ], [ 174.468106389130099, -35.505025239629518 ], [ 174.468158683401526, -35.505010337807178 ], [ 174.468159085140485, -35.505010226155441 ], [ 174.468211653749364, -35.504995984370851 ], [ 174.468212057542615, -35.504995877789376 ], [ 174.468264888030745, -35.504982299417655 ], [ 174.468265293782622, -35.504982197931682 ], [ 174.468318373629756, -35.504969286190708 ], [ 174.468318781244079, -35.504969189824308 ], [ 174.468372097870855, -35.504956947773941 ], [ 174.468372507251019, -35.504956856549946 ], [ 174.468426048021996, -35.504945287091367 ], [ 174.46842679081746, -35.504945135575333 ], [ 174.46860167346972, -35.504911565296894 ], [ 174.468608868977327, -35.50491098076737 ], [ 174.468609878893943, -35.504911007646953 ], [ 174.468610649233256, -35.50491101717239 ], [ 174.468611419659766, -35.504911015725803 ], [ 174.468612189938312, -35.504911003307619 ], [ 174.468612959835724, -35.504910979921611 ], [ 174.468613729117948, -35.504910945574863 ], [ 174.468614497552039, -35.504910900277814 ], [ 174.468615264904685, -35.504910844044197 ], [ 174.468616030943252, -35.504910776891045 ], [ 174.468616795435821, -35.504910698838714 ], [ 174.46861755814939, -35.504910609910972 ], [ 174.468618318853487, -35.504910510134721 ], [ 174.468619077316816, -35.504910399540265 ], [ 174.468619833310299, -35.504910278161027 ], [ 174.468620586602896, -35.504910146034071 ], [ 174.468621336967487, -35.504910003199285 ], [ 174.468622084176616, -35.504909849699928 ], [ 174.468622828001884, -35.504909685582945 ], [ 174.46862356821967, -35.50490951089764 ], [ 174.468624304604361, -35.504909325697305 ], [ 174.468625036932792, -35.504909130038016 ], [ 174.468625764983017, -35.504908923979094 ], [ 174.468626488533317, -35.504908707583304 ], [ 174.468627207365842, -35.504908480915788 ], [ 174.468627921261003, -35.504908244045779 ], [ 174.468628630002627, -35.504907997044988 ], [ 174.468629333376015, -35.504907739988305 ], [ 174.468630031167692, -35.504907472953683 ], [ 174.468630723166285, -35.504907196022032 ], [ 174.468631409161475, -35.50490690927753 ], [ 174.468632088944929, -35.504906612807247 ], [ 174.468632762311074, -35.504906306700846 ], [ 174.468633429055444, -35.50490599105126 ], [ 174.468634088975449, -35.504905665954404 ], [ 174.468634741870972, -35.504905331508887 ], [ 174.468635387544481, -35.504904987815863 ], [ 174.468636025799668, -35.504904634979837 ], [ 174.468636656442953, -35.504904273107854 ], [ 174.468637279283456, -35.504903902309408 ], [ 174.468637894131348, -35.504903522697496 ], [ 174.468638500800836, -35.504903134386858 ], [ 174.468639099107889, -35.504902737495286 ], [ 174.468639688870809, -35.50490233214331 ], [ 174.46864026991031, -35.504901918454131 ], [ 174.468640842051087, -35.504901496552598 ], [ 174.468641405118717, -35.504901066567321 ], [ 174.468641958942726, -35.504900628628455 ], [ 174.468642503355227, -35.504900182868781 ], [ 174.468643038190805, -35.504899729423769 ], [ 174.468643563287571, -35.50489926843062 ], [ 174.468644078485767, -35.504898800029594 ], [ 174.468644583629754, -35.504898324362273 ], [ 174.468645078565686, -35.504897841573396 ], [ 174.468645563143554, -35.504897351809355 ], [ 174.468646037216672, -35.504896855218462 ], [ 174.468646500641057, -35.504896351951444 ], [ 174.468646953275965, -35.504895842161176 ], [ 174.468647394984117, -35.50489532600232 ], [ 174.468647825631905, -35.504894803630926 ], [ 174.468648245088502, -35.504894275205757 ], [ 174.468648653226211, -35.504893740887653 ], [ 174.468649049921936, -35.504893200837728 ], [ 174.468649435054886, -35.504892655220509 ], [ 174.468649808508417, -35.504892104201183 ], [ 174.468650170169099, -35.504891547947096 ], [ 174.468650519927508, -35.504890986626648 ], [ 174.468650857677034, -35.504890420410824 ], [ 174.468651183315842, -35.504889849470409 ], [ 174.468651496744741, -35.504889273979266 ], [ 174.468651797868631, -35.504888694112068 ], [ 174.468652086596535, -35.504888110043971 ], [ 174.468652362840402, -35.50488752195313 ], [ 174.468652626516871, -35.504886930016959 ], [ 174.468652877545594, -35.504886334415808 ], [ 174.468653115850628, -35.504885735329978 ], [ 174.468653341359726, -35.504885132941055 ], [ 174.468653554004277, -35.504884527432203 ], [ 174.468653753719991, -35.504883918986707 ], [ 174.468653940446075, -35.504883307789548 ], [ 174.468654114126082, -35.504882694025675 ], [ 174.468654274707234, -35.504882077881376 ], [ 174.468654422140759, -35.504881459544009 ], [ 174.468654556382091, -35.504880839200453 ], [ 174.468654677390361, -35.504880217039364 ], [ 174.468654785128962, -35.504879593249385 ], [ 174.46865487956515, -35.504878968019639 ], [ 174.468654960670307, -35.504878341539687 ], [ 174.468655028419818, -35.504877714000102 ], [ 174.468655082793163, -35.504877085590479 ], [ 174.468655123773829, -35.504876456501854 ], [ 174.468655151349338, -35.504875826925307 ], [ 174.468655165511393, -35.504875197051277 ], [ 174.468655166255672, -35.504874567071219 ], [ 174.468655153581949, -35.504873937176143 ], [ 174.46865512749406, -35.504873307556977 ], [ 174.468655087999934, -35.504872678404887 ], [ 174.468655035111567, -35.504872049910659 ], [ 174.468654968844959, -35.504871422265076 ], [ 174.468654889220232, -35.504870795658228 ], [ 174.468654796261546, -35.504870170280348 ], [ 174.468654689997123, -35.504869546321409 ], [ 174.468654570459137, -35.504868923970172 ], [ 174.468654437683909, -35.504868303415897 ], [ 174.468654291711687, -35.504867684846495 ], [ 174.468654132586749, -35.504867068449819 ], [ 174.468653960357358, -35.504866454412685 ], [ 174.468653775075836, -35.504865842921575 ], [ 174.46865357679826, -35.504865234161734 ], [ 174.468653365584856, -35.504864628318003 ], [ 174.468653141499686, -35.504864025573937 ], [ 174.468652904610735, -35.504863426112799 ], [ 174.468652654989853, -35.504862830115989 ], [ 174.468652311001705, -35.504862053220648 ], [ 174.46865120212189, -35.504858809564325 ], [ 174.46864010737437, -35.504813541503175 ], [ 174.468640025142633, -35.50481319165749 ], [ 174.468629806867796, -35.504767785846667 ], [ 174.468629731409294, -35.504767434981801 ], [ 174.468620392159039, -35.504721902767358 ], [ 174.468620323492587, -35.504721550970977 ], [ 174.468611865599087, -35.504675903730529 ], [ 174.468611803741823, -35.504675551090564 ], [ 174.468604229317037, -35.504629800230447 ], [ 174.468604174284422, -35.504629446834983 ], [ 174.468597485219561, -35.504583603787395 ], [ 174.468597437025323, -35.504583249724782 ], [ 174.468591634990304, -35.504537325944952 ], [ 174.468591624453211, -35.504537240967579 ], [ 174.468589592358995, -35.504520537622447 ], [ 174.46858955032792, -35.504520159894952 ], [ 174.468587862292395, -35.504503430951068 ], [ 174.468587828041251, -35.504503052698681 ], [ 174.468586484542271, -35.504486302894364 ], [ 174.468586458080807, -35.504485924224198 ], [ 174.46858545949874, -35.504469158303642 ], [ 174.468585440834374, -35.504468779322963 ], [ 174.468584787451817, -35.504452002034988 ], [ 174.468584776589864, -35.504451622851128 ], [ 174.468584468591672, -35.504434838947702 ], [ 174.468584465535201, -35.504434459668069 ], [ 174.468584503008401, -35.504417673903092 ], [ 174.468584507758266, -35.504417294635097 ], [ 174.468584890691972, -35.50440051176296 ], [ 174.468584903246864, -35.504400132614052 ], [ 174.46858563153242, -35.504383357388299 ], [ 174.468585651888731, -35.504382978465856 ], [ 174.468586725319653, -35.504366215637909 ], [ 174.468586753471612, -35.504365837049257 ], [ 174.468588171743647, -35.504349091367018 ], [ 174.468588207683297, -35.504348713219386 ], [ 174.468589970394504, -35.504331989425864 ], [ 174.468590014111641, -35.504331611826373 ], [ 174.468592120762537, -35.504314914658401 ], [ 174.468592172244797, -35.504314537713974 ], [ 174.468594622238442, -35.504297871900832 ], [ 174.4685969780015, -35.504291089073376 ], [ 174.468601781738016, -35.504285233488496 ], [ 174.46860856322462, -35.504280878331372 ], [ 174.46861665864219, -35.504278449914885 ], [ 174.468625275555439, -35.504278185949175 ], [ 174.468633570481501, -35.50428011227298 ], [ 174.468640731455764, -35.504284040324457 ], [ 174.46864605751253, -35.504289585598805 ], [ 174.468649027300046, -35.504296205286209 ], [ 174.468649350114333, -35.504303251405716 ], [ 174.4686469278125, -35.504319728924585 ], [ 174.468644868775726, -35.504336048794563 ], [ 174.468643145906896, -35.504352394688176 ], [ 174.468641759694094, -35.504368761975911 ], [ 174.468640710530195, -35.50438514602169 ], [ 174.468639998712604, -35.504401542184922 ], [ 174.468639624443085, -35.504417945821679 ], [ 174.46863958782788, -35.504434352285827 ], [ 174.46863988887759, -35.504450756930105 ], [ 174.468640527507119, -35.504467155108514 ], [ 174.468641503535764, -35.50448354217604 ], [ 174.468642816687321, -35.504499913491486 ], [ 174.468644466590064, -35.504516264417575 ], [ 174.468646470566085, -35.504532736546004 ], [ 174.468652244878683, -35.50457844065442 ], [ 174.468658882357175, -35.504623929947307 ], [ 174.468666398363297, -35.504669327763565 ], [ 174.468674791020504, -35.504714622759323 ], [ 174.468684058233094, -35.504759803616466 ], [ 174.468694197686744, -35.504804859044746 ], [ 174.468704858760105, -35.504848357539636 ], [ 174.468705131111165, -35.504849007806122 ], [ 174.468705282680958, -35.504849380244693 ], [ 174.468705667173481, -35.504850353223759 ], [ 174.468705810787753, -35.504850727764328 ], [ 174.468706174498578, -35.504851706071463 ], [ 174.468706310113731, -35.504852082600479 ], [ 174.468706652932553, -35.504853065938903 ], [ 174.468706780507517, -35.504853444342196 ], [ 174.468707102330313, -35.504854432413651 ], [ 174.468707221826378, -35.504854812576355 ], [ 174.468707522555519, -35.5048558050811 ], [ 174.46870763393639, -35.504856186887878 ], [ 174.468707913480699, -35.504857183524813 ], [ 174.468708016712583, -35.50485756685989 ], [ 174.468708274987222, -35.504858567326728 ], [ 174.468708370038883, -35.50485895207386 ], [ 174.468708606965492, -35.504859956067101 ], [ 174.468708693808026, -35.504860342109481 ], [ 174.468708909314756, -35.504861349324571 ], [ 174.468708987921843, -35.504861736545166 ], [ 174.468709181943325, -35.504862746676565 ], [ 174.468709252291148, -35.504863134957908 ], [ 174.468709424768491, -35.504864147699216 ], [ 174.46870948683565, -35.504864536923407 ], [ 174.468709637716586, -35.504865551967399 ], [ 174.468709691484293, -35.504865942016608 ], [ 174.468709820723006, -35.504866959055356 ], [ 174.468709866174919, -35.504867349810979 ], [ 174.468709973732246, -35.504868368536002 ], [ 174.468710010854636, -35.504868759879805 ], [ 174.468710096697862, -35.504869779982059 ], [ 174.468710125479419, -35.504870171795012 ], [ 174.468710189582623, -35.504871192965069 ], [ 174.468710210014621, -35.504871585128633 ], [ 174.46871025235825, -35.504872607056704 ], [ 174.468710264434492, -35.504872999451614 ], [ 174.468710285005784, -35.504874021827703 ], [ 174.468710288722605, -35.504874414335227 ], [ 174.468710287515307, -35.504875436849218 ], [ 174.468710282871598, -35.504875829350055 ], [ 174.468710259885995, -35.504876851691762 ], [ 174.468710246883148, -35.504877244066904 ], [ 174.468710202126289, -35.50487826592623 ], [ 174.468710180768255, -35.504878658056775 ], [ 174.468710114253696, -35.50487967912369 ], [ 174.468710084546927, -35.504880070890522 ], [ 174.468709996294848, -35.504881090855321 ], [ 174.468709958248411, -35.504881482139673 ], [ 174.468709848285556, -35.504882500692965 ], [ 174.468709801910933, -35.504882891376255 ], [ 174.468709670270698, -35.504883908209038 ], [ 174.468709615581986, -35.504884298172499 ], [ 174.468709462304275, -35.504885312976349 ], [ 174.468709399318044, -35.504885702101866 ], [ 174.468709224449384, -35.50488671456894 ], [ 174.468709153184733, -35.504887102738465 ], [ 174.46870895677813, -35.504888112561623 ], [ 174.468708877256745, -35.504888499657348 ], [ 174.468708659371771, -35.504889506530283 ], [ 174.468708571617697, -35.504889892434832 ], [ 174.468708332320489, -35.50489089605211 ], [ 174.468708236360357, -35.504891280648401 ], [ 174.468707975723476, -35.504892280705562 ], [ 174.468707871586474, -35.504892663876873 ], [ 174.468707589688961, -35.504893660070564 ], [ 174.468707477406554, -35.504894041700815 ], [ 174.468707174333986, -35.504895033728836 ], [ 174.468707053940307, -35.504895413702108 ], [ 174.468706729784572, -35.504896401263544 ], [ 174.468706601316171, -35.504896779464609 ], [ 174.468706256175579, -35.504897762259887 ], [ 174.468706119671339, -35.504898138574127 ], [ 174.468705753650596, -35.504899116305097 ], [ 174.468705609152039, -35.504899490618186 ], [ 174.468705222362189, -35.504900462988289 ], [ 174.468705069913, -35.504900835186909 ], [ 174.468704662471396, -35.504901801901148 ], [ 174.468704502117987, -35.504902171872061 ], [ 174.468704074148206, -35.504903132637224 ], [ 174.468703905939066, -35.504903500268483 ], [ 174.468703457570939, -35.504904454793113 ], [ 174.468703281557111, -35.504904819973206 ], [ 174.468702812926608, -35.504905767967735 ], [ 174.468702629161641, -35.504906130585589 ], [ 174.468702140410954, -35.504907071762467 ], [ 174.468701948950411, -35.504907431708446 ], [ 174.46870144022779, -35.504908365782157 ], [ 174.468701241129878, -35.504908722946823 ], [ 174.468700712589623, -35.50490964963403 ], [ 174.468700505914654, -35.504910003909139 ], [ 174.468699957717121, -35.504910922928737 ], [ 174.468699743527822, -35.50491127420684 ], [ 174.468699175839276, -35.504912185280034 ], [ 174.468698954200619, -35.504912533454522 ], [ 174.468698367193298, -35.504913436304967 ], [ 174.468698138172556, -35.504913781270169 ], [ 174.468697532024521, -35.504914675623965 ], [ 174.468697295691044, -35.504915017275394 ], [ 174.468696670586155, -35.504915902861242 ], [ 174.468696427011764, -35.504916241095131 ], [ 174.468695783139623, -35.504917117644403 ], [ 174.468695532398073, -35.504917452358278 ], [ 174.468694869954049, -35.504918319605075 ], [ 174.468694612121539, -35.504918650697221 ], [ 174.468693931306547, -35.50491950837845 ], [ 174.468693666461292, -35.504919835748467 ], [ 174.468692967481871, -35.50492068360397 ], [ 174.468692695703965, -35.504921007152802 ], [ 174.468691978772142, -35.504921844925384 ], [ 174.468691700144319, -35.504922164554579 ], [ 174.468690965477549, -35.504922991990107 ], [ 174.468690680084165, -35.504923307602894 ], [ 174.468689927905331, -35.504924124450355 ], [ 174.46868963583313, -35.504924435950763 ], [ 174.468688866370371, -35.50492524196239 ], [ 174.468688567707716, -35.504925549256221 ], [ 174.468687781194461, -35.504926344187524 ], [ 174.46868747603213, -35.504926647181399 ], [ 174.46868667270698, -35.504927430791199 ], [ 174.468686361137458, -35.504927729393224 ], [ 174.468685541244071, -35.504928501443835 ], [ 174.468685223362002, -35.504928795563366 ], [ 174.468684387149068, -35.504929555820596 ], [ 174.468684063050688, -35.504929845368572 ], [ 174.468683210771928, -35.504930593601799 ], [ 174.468682880555633, -35.504930878490264 ], [ 174.468682012469571, -35.504931614472504 ], [ 174.468681676235519, -35.504931894615098 ], [ 174.468680792605483, -35.5049326181231 ], [ 174.468680450455707, -35.504932893434805 ], [ 174.468679551549712, -35.504933604249096 ], [ 174.468679203587897, -35.504933874646468 ], [ 174.46867828967865, -35.50493457255142 ], [ 174.468677936010636, -35.504934837952227 ], [ 174.468677007375334, -35.504935522736133 ], [ 174.468676648108072, -35.504935783060141 ], [ 174.468675705028431, -35.504936454515267 ], [ 174.468675340270948, -35.504936709683435 ], [ 174.468674383033061, -35.504937367606111 ], [ 174.468674012896287, -35.504937617540826 ], [ 174.468673041790538, -35.504938261731475 ], [ 174.468672666386396, -35.504938506357192 ], [ 174.468671681707349, -35.504939136620393 ], [ 174.46867130114984, -35.504939375862797 ], [ 174.468670303196205, -35.504939992007365 ], [ 174.46866991760092, -35.504940225793817 ], [ 174.468668906675362, -35.504940827632865 ], [ 174.468668516159198, -35.504941055892495 ], [ 174.468667492568443, -35.504941643243427 ], [ 174.468667097249522, -35.504941865907142 ], [ 174.468666061304049, -35.504942438591804 ], [ 174.468665661303106, -35.504942655591655 ], [ 174.468664613317173, -35.504943213436327 ], [ 174.468664208754547, -35.504943424707008 ], [ 174.468663149046023, -35.504943967542467 ], [ 174.468662740044977, -35.504944173019602 ], [ 174.468661668935397, -35.504944700681165 ], [ 174.468661255620219, -35.504944900302327 ], [ 174.468660173434444, -35.504945412629937 ], [ 174.468659755929934, -35.50494560633485 ], [ 174.468658662996233, -35.50494610317309 ], [ 174.468658241429466, -35.504946290902794 ], [ 174.468657138079379, -35.504946772100965 ], [ 174.468656712578138, -35.504946953798566 ], [ 174.468655599146388, -35.504947419210701 ], [ 174.468655169839593, -35.504947594821104 ], [ 174.468654046663943, -35.504948044306005 ], [ 174.468653613682193, -35.504948213775812 ], [ 174.468652481103334, -35.504948647197168 ], [ 174.468652044577226, -35.504948810475256 ], [ 174.468650902938691, -35.504949227701537 ], [ 174.468650463001779, -35.504949384737984 ], [ 174.468649312649944, -35.504949785642658 ], [ 174.468648869434389, -35.504949936390283 ], [ 174.468647710718159, -35.504950320851719 ], [ 174.468647264359589, -35.504950465264358 ], [ 174.468646097630483, -35.50495083316595 ], [ 174.468645648263617, -35.504950971200024 ], [ 174.468644473875543, -35.504951322430166 ], [ 174.46864402163655, -35.504951454043876 ], [ 174.468642839945744, -35.504951788496008 ], [ 174.468642384972583, -35.50495191364918 ], [ 174.468641196337501, -35.504952231221864 ], [ 174.468640738767505, -35.504952349876724 ], [ 174.46863954354879, -35.504952650473626 ], [ 174.468639083520998, -35.504952762594122 ], [ 174.468637882081111, -35.504953046124044 ], [ 174.468637419734762, -35.504953151676247 ], [ 174.468636212438241, -35.504953418053177 ], [ 174.468635747914192, -35.504953517004921 ], [ 174.468634535127222, -35.50495376614807 ], [ 174.468634068566132, -35.504953858469399 ], [ 174.468632850656604, -35.504954090303187 ], [ 174.468632382199701, -35.504954175966155 ], [ 174.468631159537068, -35.504954390420259 ], [ 174.468630689326631, -35.504954469398832 ], [ 174.468629462281825, -35.504954666408182 ], [ 174.468628990460701, -35.504954738678379 ], [ 174.468627759405905, -35.504954918183238 ], [ 174.46862728611697, -35.504954983723167 ], [ 174.468626051425588, -35.504955145669051 ], [ 174.468625576812656, -35.504955204458831 ], [ 174.468624338859257, -35.504955348796649 ], [ 174.468623863066171, -35.504955400818417 ], [ 174.468622622226292, -35.504955527504364 ], [ 174.46862214539712, -35.504955572742389 ], [ 174.468620902047178, -35.504955681738032 ], [ 174.468620424326986, -35.504955720178565 ], [ 174.468619178844136, -35.504955811450841 ], [ 174.468618700377561, -35.504955843082215 ], [ 174.468617453139615, -35.50495591660345 ], [ 174.468616974071779, -35.504955941416085 ], [ 174.468615725457084, -35.504955997163968 ], [ 174.468615245933819, -35.504956015150313 ], [ 174.468613996321125, -35.504956053107932 ], [ 174.468613516486982, -35.504956064262565 ], [ 174.468612266255377, -35.504956084418396 ], [ 174.468611786256929, -35.504956088737906 ], [ 174.46861091421502, -35.504956090375302 ], [ 174.468439761187, -35.504988944720004 ], [ 174.468386795620717, -35.505000389885453 ], [ 174.468333887489308, -35.505012538142218 ], [ 174.468281214323923, -35.505025350958597 ], [ 174.468228788607775, -35.505038825298087 ], [ 174.468176622764503, -35.505052957967663 ], [ 174.468124729157637, -35.505067745617879 ], [ 174.468072920839575, -35.505083244349663 ], [ 174.468068654802465, -35.505084211011187 ], [ 174.46806460467883, -35.505084847705717 ], [ 174.468060800582947, -35.505085501409255 ], [ 174.468057010802681, -35.505086208531402 ], [ 174.468053236461373, -35.505086968862528 ], [ 174.468049478676051, -35.505087782177633 ], [ 174.468045738558544, -35.505088648236047 ], [ 174.468042017215879, -35.505089566781443 ], [ 174.468038315749993, -35.50509053754184 ], [ 174.468034635255776, -35.505091560230049 ], [ 174.468030976823513, -35.505092634543175 ], [ 174.468027341535645, -35.505093760163327 ], [ 174.468023730468303, -35.505094936757281 ], [ 174.468020144691337, -35.505096163976461 ], [ 174.468016585263825, -35.505097441458403 ], [ 174.468013053241549, -35.505098768824169 ], [ 174.468009549668949, -35.505100145681304 ], [ 174.46800607558373, -35.505101571621935 ], [ 174.468002632013139, -35.505103046224484 ], [ 174.467999219977969, -35.505104569051802 ], [ 174.467995840487021, -35.505106139653641 ], [ 174.467992494541107, -35.5051077575649 ], [ 174.467989183130527, -35.505109422306717 ], [ 174.467985907235771, -35.505111133386151 ], [ 174.46798266782568, -35.50511289029722 ], [ 174.467979465859798, -35.505114692519449 ], [ 174.467976302286161, -35.505116539519264 ], [ 174.467973178040609, -35.505118430750279 ], [ 174.467970094047871, -35.505120365652743 ], [ 174.467967051221649, -35.505122343653412 ], [ 174.467964050461802, -35.505124364167273 ], [ 174.467961092657049, -35.50512642659595 ], [ 174.467958178682238, -35.505128530329429 ], [ 174.467955309400878, -35.505130674744343 ], [ 174.467952485661414, -35.505132859206526 ], [ 174.467949708300068, -35.505135083069121 ], [ 174.467946978139111, -35.505137345673745 ], [ 174.467944295986769, -35.505139646350536 ], [ 174.467941662635923, -35.505141984419431 ], [ 174.467939078867573, -35.50514435918695 ], [ 174.467936545445667, -35.505146769951047 ], [ 174.467934063119799, -35.505149215998308 ], [ 174.46793163262555, -35.505151696603974 ], [ 174.467929254681877, -35.505154211034274 ], [ 174.467926929992728, -35.50515675854485 ], [ 174.467924659246307, -35.505159338381503 ], [ 174.467922443114844, -35.50516194978055 ], [ 174.467920282253914, -35.505164591969489 ], [ 174.467918177303687, -35.50516726416555 ], [ 174.467916128886969, -35.505169965578119 ], [ 174.46791413760991, -35.505172695407772 ], [ 174.467912204062316, -35.505175452845975 ], [ 174.467910328816259, -35.505178237076976 ], [ 174.467908512427073, -35.505181047276203 ], [ 174.467906755432068, -35.505183882612336 ], [ 174.467905058351704, -35.505186742245584 ], [ 174.467903421688078, -35.505189625329805 ], [ 174.46790184592561, -35.505192531011787 ], [ 174.467900331531013, -35.50519545843089 ], [ 174.467898878952383, -35.505198406720901 ], [ 174.467897488619599, -35.505201375009285 ], [ 174.467896160944349, -35.505204362417246 ], [ 174.467894896319706, -35.505207368060212 ], [ 174.467893695119756, -35.505210391049197 ], [ 174.467892557700338, -35.505213430488638 ], [ 174.467891484397967, -35.505216485479338 ], [ 174.467890475530453, -35.505219555116788 ], [ 174.467889648335841, -35.50522225658861 ], [ 174.467888037283757, -35.505228989954254 ], [ 174.46788794255329, -35.505229368617329 ], [ 174.467886040479215, -35.505236653019054 ], [ 174.467885937821109, -35.505237030298034 ], [ 174.46788388325308, -35.505244286955751 ], [ 174.46788377269749, -35.505244662739685 ], [ 174.467881566239754, -35.505251889519073 ], [ 174.467881447819195, -35.505252263697415 ], [ 174.467879090120647, -35.505259458472921 ], [ 174.467878963869993, -35.505259830935636 ], [ 174.467876455624094, -35.505266991591107 ], [ 174.467876321580434, -35.505267362228629 ], [ 174.467873663524813, -35.505274486657953 ], [ 174.467873521727569, -35.505274855361293 ], [ 174.467870714644022, -35.505281941469043 ], [ 174.467870565134916, -35.505282308129729 ], [ 174.467867609849009, -35.505289353831721 ], [ 174.467867452671982, -35.505289718341913 ], [ 174.467864350052878, -35.505296721565855 ], [ 174.4678641852542, -35.50529708381837 ], [ 174.467860936214436, -35.505304042504441 ], [ 174.467860763842538, -35.505304402392703 ], [ 174.467857369337679, -35.5053113144942 ], [ 174.467857189443293, -35.505311671912359 ], [ 174.467853650471682, -35.505318535396306 ], [ 174.467853463107673, -35.50531889023928 ], [ 174.467849780710139, -35.505325703086939 ], [ 174.467849585931674, -35.505326055250293 ], [ 174.467845761191313, -35.505332815457869 ], [ 174.467845559055633, -35.505333164838063 ], [ 174.467841593097319, -35.505339870417231 ], [ 174.467841383663881, -35.505340216911534 ], [ 174.467837277654041, -35.505346865890026 ], [ 174.467837060984436, -35.505347209396454 ], [ 174.467832816130766, -35.505353799818643 ], [ 174.467832592288744, -35.505354140236221 ], [ 174.46782820983961, -35.505360670163732 ], [ 174.467828176326606, -35.505360719949735 ], [ 174.4678169970704, -35.50537727810088 ], [ 174.467806264372854, -35.505393820394104 ], [ 174.467795870233601, -35.505410506615242 ], [ 174.467785817538754, -35.505427332131468 ], [ 174.467776109079523, -35.505444292271378 ], [ 174.467766747551053, -35.50546138232707 ], [ 174.467757735553022, -35.505478597553072 ], [ 174.467749075587477, -35.505495933170288 ], [ 174.467740770058811, -35.505513384366054 ], [ 174.467732821273245, -35.505530946295181 ], [ 174.467725231437868, -35.505548614081761 ], [ 174.46771800265995, -35.505566382821073 ], [ 174.467711136946662, -35.505584247579982 ], [ 174.467704636204502, -35.505602203398396 ], [ 174.467699793970354, -35.505616445908565 ], [ 174.467700104579222, -35.505619743856762 ], [ 174.467700468895657, -35.505622894277991 ], [ 174.467700900260013, -35.505626039032883 ], [ 174.467701398541465, -35.505629177167677 ], [ 174.467701963588752, -35.505632307729798 ], [ 174.467702595230605, -35.505635429770294 ], [ 174.467703293275321, -35.505638542341636 ], [ 174.467704057511128, -35.505641644499441 ], [ 174.467704887706276, -35.505644735303044 ], [ 174.46770578360892, -35.505647813814598 ], [ 174.467706744947151, -35.505650879099932 ], [ 174.467707771429531, -35.505653930229684 ], [ 174.467708862744416, -35.505656966277641 ], [ 174.467710018561121, -35.505659986323579 ], [ 174.467711238528551, -35.505662989450286 ], [ 174.467712522277111, -35.505665974747778 ], [ 174.467713869416968, -35.505668941309644 ], [ 174.467715279539647, -35.505671888236343 ], [ 174.467716752217285, -35.505674814633579 ], [ 174.467718287003322, -35.505677719614077 ], [ 174.467719883431869, -35.505680602295897 ], [ 174.467721541018932, -35.505683461805219 ], [ 174.467723259261476, -35.50568629727416 ], [ 174.467725037638218, -35.5056891078425 ], [ 174.467726875609713, -35.505691892657666 ], [ 174.467728772618784, -35.505694650875448 ], [ 174.467730728089037, -35.505697381657782 ], [ 174.467732741428335, -35.505700084177803 ], [ 174.467734812025043, -35.505702757614351 ], [ 174.467736939251665, -35.505705401157371 ], [ 174.467739122462262, -35.50570801400405 ], [ 174.467741360994893, -35.505710595362281 ], [ 174.467743654170704, -35.505713144449139 ], [ 174.46774600129379, -35.505715660491084 ], [ 174.467748401651505, -35.505718142724184 ], [ 174.467750854516851, -35.505720590396656 ], [ 174.467753359144979, -35.505723002765158 ], [ 174.467755914776177, -35.50572537909801 ], [ 174.467758520634845, -35.505727718674066 ], [ 174.467761175931514, -35.505730020784448 ], [ 174.46776387985966, -35.505732284729902 ], [ 174.467766631599119, -35.505734509823753 ], [ 174.467769430315315, -35.505736695391199 ], [ 174.467772275159604, -35.505738840769418 ], [ 174.467775165268392, -35.505740945307195 ], [ 174.46777809976507, -35.505743008366196 ], [ 174.467781077759327, -35.505745029320494 ], [ 174.467784098348432, -35.505747007557439 ], [ 174.467787160614904, -35.505748942476188 ], [ 174.467790263630633, -35.505750833490289 ], [ 174.467793406453438, -35.505752680025594 ], [ 174.467796588131506, -35.505754481522835 ], [ 174.467799807697816, -35.505756237434497 ], [ 174.46780306417628, -35.505757947228233 ], [ 174.467806356579842, -35.505759610385759 ], [ 174.467809683908484, -35.505761226401987 ], [ 174.46781181467739, -35.505762220636527 ], [ 174.467817612944316, -35.505764216658157 ], [ 174.467818049145762, -35.505764370449846 ], [ 174.467825320130771, -35.50576699497234 ], [ 174.467825753026034, -35.505767154888304 ], [ 174.467832967615038, -35.50576988148633 ], [ 174.467833397075509, -35.505770047479075 ], [ 174.467840553125427, -35.505772875342721 ], [ 174.467840979023549, -35.505773047362936 ], [ 174.467848074408749, -35.505775975652234 ], [ 174.467848496617933, -35.505776153648753 ], [ 174.467855529230803, -35.505779181493835 ], [ 174.467855947625793, -35.505779365413922 ], [ 174.467862915377282, -35.50578249191544 ], [ 174.467863329833648, -35.505782681704318 ], [ 174.467870230654057, -35.505785905933536 ], [ 174.467870641048819, -35.505786101534916 ], [ 174.467877472888347, -35.505789422534107 ], [ 174.46787787909949, -35.505789623889868 ], [ 174.467884639928741, -35.505793040672572 ], [ 174.467885041835643, -35.505793247722885 ], [ 174.467891729646396, -35.505796759274148 ], [ 174.467892127129687, -35.505796971957544 ], [ 174.467898739935322, -35.505800577234311 ], [ 174.467899132876937, -35.505800795487581 ], [ 174.4679056687132, -35.505804493418907 ], [ 174.467906056996384, -35.505804717177256 ], [ 174.467912513921846, -35.505808506664714 ], [ 174.467912897431262, -35.505808735861649 ], [ 174.46791927352794, -35.505812615779618 ], [ 174.467919652149675, -35.505812850347041 ], [ 174.467925945523547, -35.505816819542986 ], [ 174.467926319145192, -35.505817059411264 ], [ 174.467932527926848, -35.505821116706187 ], [ 174.467932896437389, -35.505821361804053 ], [ 174.467939018782573, -35.505825505992753 ], [ 174.467939382072473, -35.505825756247397 ], [ 174.467945416162593, -35.505829986098888 ], [ 174.467945774124018, -35.505830241435973 ], [ 174.46795171816666, -35.505834555693809 ], [ 174.467952070693258, -35.505834816037492 ], [ 174.467957922922778, -35.505839213420124 ], [ 174.467958269909815, -35.505839478693076 ], [ 174.467964028587801, -35.505843957894321 ], [ 174.467964369932247, -35.505844228017743 ], [ 174.467970033348138, -35.505848787707087 ], [ 174.467970368948585, -35.505849062600753 ], [ 174.4679759354201, -35.505853701423774 ], [ 174.467976265176844, -35.505853981005998 ], [ 174.467981733050465, -35.505858697584763 ], [ 174.467982056865566, -35.505858981772512 ], [ 174.467986900721797, -35.505863306993831 ], [ 174.467993564945573, -35.505868623722684 ], [ 174.468000731982698, -35.505874148349299 ], [ 174.468008013997405, -35.505879571514612 ], [ 174.468015408840728, -35.505884891618159 ], [ 174.468022914332806, -35.505890107091695 ], [ 174.468030528258282, -35.505895216395736 ], [ 174.468038248372494, -35.505900218024053 ], [ 174.468046072397755, -35.505905110500954 ], [ 174.468053998026164, -35.505909892383286 ], [ 174.468062022920378, -35.505914562260799 ], [ 174.468070144712641, -35.505919118755607 ], [ 174.468078361007542, -35.505923560523897 ], [ 174.468086669382217, -35.505927886255819 ], [ 174.468095067385008, -35.50593209467489 ], [ 174.468103552539048, -35.505936184539927 ], [ 174.468112122342148, -35.505940154644833 ], [ 174.468120774265515, -35.505944003818129 ], [ 174.468129505757702, -35.505947730924689 ], [ 174.468138314243106, -35.50595133486506 ], [ 174.46814719712367, -35.505954814576292 ], [ 174.468156151778288, -35.505958169031587 ], [ 174.468165175566867, -35.505961397241983 ], [ 174.468174265827059, -35.505964498255032 ], [ 174.468183419877846, -35.505967471156126 ], [ 174.468192635018227, -35.505970315068076 ], [ 174.468201908531512, -35.505973029152479 ], [ 174.468211237680606, -35.505975612608275 ], [ 174.468220619714344, -35.505978064673592 ], [ 174.468227889833514, -35.505979852847403 ], [ 174.468243905689519, -35.505981321469527 ], [ 174.468244366105154, -35.505981366899007 ], [ 174.468262823321766, -35.505983317039345 ], [ 174.468263282737439, -35.505983368796784 ], [ 174.468281697214167, -35.505985572595137 ], [ 174.468282155499764, -35.505985630665904 ], [ 174.468300522023213, -35.505988087498338 ], [ 174.468300979049076, -35.505988151865942 ], [ 174.468319292419466, -35.505990861036913 ], [ 174.468319748056189, -35.505990931683165 ], [ 174.468338003088803, -35.505993892425671 ], [ 174.468338457207324, -35.505993969330561 ], [ 174.468356648733959, -35.505997180806354 ], [ 174.468357101205783, -35.505997263948132 ], [ 174.468375224076169, -35.506000725248008 ], [ 174.468375674773171, -35.506000814603098 ], [ 174.468393723856536, -35.506004524747127 ], [ 174.468394172651102, -35.506004620290256 ], [ 174.468412142837508, -35.506008578228041 ], [ 174.468412589602622, -35.506008679932151 ], [ 174.468430475804496, -35.506012884543168 ], [ 174.468430920413624, -35.506012992379461 ], [ 174.468448717567185, -35.506017442473315 ], [ 174.468449159894476, -35.506017556411273 ], [ 174.468466862961094, -35.506022250728094 ], [ 174.468467302881351, -35.506022370735451 ], [ 174.468484906849056, -35.506027307946198 ], [ 174.468485344237706, -35.506027433988983 ], [ 174.468502844122639, -35.50603261269589 ], [ 174.468507460370574, -35.506034389425167 ], [ 174.468521118418494, -35.506040972397095 ], [ 174.468534709839389, -35.506047279099427 ], [ 174.468548426374838, -35.506053402014871 ], [ 174.468562264308787, -35.50605933948458 ], [ 174.468576219891816, -35.506065089899792 ], [ 174.468590289341364, -35.50607065170189 ], [ 174.468604468846166, -35.506076023384253 ], [ 174.468618754563863, -35.506081203491263 ], [ 174.468633142624611, -35.506086190619648 ], [ 174.468647629127958, -35.506090983417465 ], [ 174.468662210149404, -35.506095580586333 ], [ 174.468676881739469, -35.50609998088099 ], [ 174.468691639919882, -35.506104183108306 ], [ 174.468706480694635, -35.506108186130469 ], [ 174.468719154908143, -35.506111416609684 ], [ 174.468811776722958, -35.506120210996599 ], [ 174.468906919726379, -35.506128270333555 ], [ 174.469002223618986, -35.506135369714904 ], [ 174.469036774862843, -35.50613768705535 ], [ 174.469037230871294, -35.506137720759881 ], [ 174.469071853821731, -35.506140517073291 ], [ 174.469072309082577, -35.506140556967182 ], [ 174.469106870448655, -35.506143823182875 ], [ 174.469107324836216, -35.506143869255148 ], [ 174.469141815080349, -35.506147604471764 ], [ 174.469142268469255, -35.506147656709672 ], [ 174.469176678073552, -35.506151859896434 ], [ 174.469177130338721, -35.506151918285568 ], [ 174.469184852323735, -35.506152969050021 ], [ 174.469191861727325, -35.506153738177758 ], [ 174.469192581832317, -35.506154020837712 ], [ 174.469211449807545, -35.506156588282558 ], [ 174.469211900824121, -35.506156652806837 ], [ 174.469246120686705, -35.506161788325308 ], [ 174.469246570330256, -35.506161858966891 ], [ 174.469280681143289, -35.506167458589616 ], [ 174.469281129289698, -35.50616753532902 ], [ 174.469315121639994, -35.506173597510745 ], [ 174.469315568165598, -35.506173680326789 ], [ 174.469326832713392, -35.506175850133928 ], [ 174.469327944758049, -35.50617576018373 ], [ 174.469329364392024, -35.506175828144279 ], [ 174.46933054739884, -35.506175868025529 ], [ 174.469331731071833, -35.506175891192115 ], [ 174.469332915056981, -35.506175897637121 ], [ 174.469334099002594, -35.506175887358651 ], [ 174.469335282553544, -35.506175860359775 ], [ 174.469336465358197, -35.506175816648508 ], [ 174.469337647062702, -35.506175756237944 ], [ 174.46933882731517, -35.506175679146068 ], [ 174.469340005762291, -35.506175585395916 ], [ 174.469341182053824, -35.506175475015432 ], [ 174.469342355838137, -35.506175348037544 ], [ 174.469343526765272, -35.506175204500124 ], [ 174.469344694484874, -35.506175044446138 ], [ 174.46934585864949, -35.506174867923221 ], [ 174.469347018912117, -35.506174674983946 ], [ 174.469348174925273, -35.506174465686115 ], [ 174.469349326344911, -35.506174240092037 ], [ 174.469350472827927, -35.506173998268892 ], [ 174.469351614030415, -35.506173740289263 ], [ 174.469352749613392, -35.506173466229789 ], [ 174.469353879238497, -35.506173176172091 ], [ 174.469355002567198, -35.506172870203088 ], [ 174.469356119264432, -35.506172548414078 ], [ 174.469357228998717, -35.506172210900573 ], [ 174.469358331436979, -35.50617185776386 ], [ 174.469359426251287, -35.506171489108965 ], [ 174.469360513114253, -35.506171105046192 ], [ 174.469361591702835, -35.506170705689662 ], [ 174.469362661694248, -35.50617029115886 ], [ 174.469363722769032, -35.50616986157759 ], [ 174.469364774610881, -35.506169417073878 ], [ 174.469365816906333, -35.506168957780218 ], [ 174.469366849344368, -35.50616848383364 ], [ 174.469367871616129, -35.506167995375947 ], [ 174.469368883417388, -35.506167492552507 ], [ 174.469369884445797, -35.506166975513558 ], [ 174.469370874403069, -35.506166444413175 ], [ 174.469371852993447, -35.506165899410007 ], [ 174.469372819924928, -35.506165340666712 ], [ 174.469373774909343, -35.506164768349812 ], [ 174.469374717661793, -35.506164182630016 ], [ 174.46937564790008, -35.506163583682664 ], [ 174.469376565348199, -35.506162971685463 ], [ 174.469377469730944, -35.506162346821974 ], [ 174.469378360778961, -35.506161709278338 ], [ 174.469379238226765, -35.506161059244519 ], [ 174.469380101812192, -35.506160396914694 ], [ 174.469380951277714, -35.506159722486352 ], [ 174.469381786369468, -35.506159036161151 ], [ 174.46938260683865, -35.506158338143457 ], [ 174.46938341244072, -35.50615762864139 ], [ 174.469384202934492, -35.506156907867314 ], [ 174.46938497808469, -35.50615617603578 ], [ 174.469385737660133, -35.50615543336508 ], [ 174.469386481434071, -35.506154680076868 ], [ 174.469387209183964, -35.506153916396535 ], [ 174.469387920693464, -35.506153142551163 ], [ 174.469388615750091, -35.506152358771807 ], [ 174.469389294146083, -35.506151565292726 ], [ 174.469389955679503, -35.506150762350174 ], [ 174.469390600152622, -35.506149950184088 ], [ 174.469391227373364, -35.506149129036544 ], [ 174.469391837154348, -35.506148299152891 ], [ 174.469392429313785, -35.506147460780504 ], [ 174.469393003675094, -35.506146614169403 ], [ 174.469393560066663, -35.506145759572554 ], [ 174.469394098322567, -35.506144897244745 ], [ 174.469394618282308, -35.506144027443192 ], [ 174.469395119790732, -35.506143150427405 ], [ 174.469395602697915, -35.506142266459513 ], [ 174.469396066860043, -35.506141375802891 ], [ 174.469396512138587, -35.50614047872326 ], [ 174.469396938400621, -35.50613957548844 ], [ 174.469397345519013, -35.506138666367818 ], [ 174.46939773337229, -35.5061377516327 ], [ 174.469398101844689, -35.506136831556063 ], [ 174.469398450826247, -35.506135906412467 ], [ 174.469398846438111, -35.506134789508728 ], [ 174.469401294424699, -35.506130015442025 ], [ 174.46940270562834, -35.506127962743946 ], [ 174.469403959561873, -35.506126062371429 ], [ 174.46940517299376, -35.506124144499246 ], [ 174.469406345558639, -35.506122209704884 ], [ 174.469407476903541, -35.506120258570704 ], [ 174.469408566688202, -35.506118291683713 ], [ 174.469409614584833, -35.506116309635296 ], [ 174.46941062027804, -35.506114313022195 ], [ 174.469411583465103, -35.506112302445302 ], [ 174.46941250385612, -35.506110278509759 ], [ 174.469413381174462, -35.506108241823945 ], [ 174.469414215155894, -35.506106193001322 ], [ 174.469415005549621, -35.506104132657839 ], [ 174.469415752117669, -35.506102061414047 ], [ 174.469416454635564, -35.506099979892667 ], [ 174.469417112891762, -35.506097888720419 ], [ 174.469417726688278, -35.506095788526352 ], [ 174.469418295840427, -35.506093679942317 ], [ 174.469418820176884, -35.506091563603192 ], [ 174.469419299539993, -35.506089440145317 ], [ 174.469419733785429, -35.506087310207903 ], [ 174.469420122782537, -35.506085174431767 ], [ 174.469420466414334, -35.506083033459667 ], [ 174.469420764577336, -35.506080887935774 ], [ 174.469421017181872, -35.50607873850565 ], [ 174.469421224151944, -35.506076585816018 ], [ 174.469421385425306, -35.506074430514644 ], [ 174.469421500953359, -35.506072273250247 ], [ 174.469421570701371, -35.506070114671829 ], [ 174.469421594648367, -35.506067955428797 ], [ 174.469421572787184, -35.506065796171043 ], [ 174.46942150512433, -35.506063637548117 ], [ 174.469421391680243, -35.506061480209745 ], [ 174.469421232488997, -35.506059324805022 ], [ 174.469421027598543, -35.506057171982391 ], [ 174.469420777070496, -35.506055022389731 ], [ 174.469420480980318, -35.506052876673984 ], [ 174.469420139416968, -35.506050735480393 ], [ 174.46941975248339, -35.506048599453784 ], [ 174.469419320295913, -35.506046469236544 ], [ 174.469418842984595, -35.506044345469647 ], [ 174.469418320693109, -35.506042228792417 ], [ 174.469417753578625, -35.506040119841586 ], [ 174.469417141811647, -35.506038019251527 ], [ 174.46941648557646, -35.506035927654736 ], [ 174.469415785070396, -35.506033845680165 ], [ 174.469415357433121, -35.50603265579646 ], [ 174.469411048820064, -35.50602746468325 ], [ 174.469404387151229, -35.506019727649743 ], [ 174.46939756412138, -35.5060120852132 ], [ 174.469390581739134, -35.506004539623461 ], [ 174.46938344206049, -35.505997093102287 ], [ 174.46937614718658, -35.50598974784112 ], [ 174.469368699265516, -35.505982506002795 ], [ 174.46936110049009, -35.505975369719465 ], [ 174.469353353096722, -35.505968341091325 ], [ 174.46934545936665, -35.50596142218798 ], [ 174.469337421623493, -35.505954615046079 ], [ 174.469329242233925, -35.505947921669886 ], [ 174.469320923605068, -35.505941344029189 ], [ 174.469312468186729, -35.505934884061062 ], [ 174.469303878467542, -35.505928543666833 ], [ 174.469295156976642, -35.505922324713261 ], [ 174.469286306281361, -35.505916229031065 ], [ 174.469277328987204, -35.50591025841463 ], [ 174.469268041764252, -35.505904295211018 ], [ 174.46926217629192, -35.505899126612036 ], [ 174.469258551182577, -35.505892728891418 ], [ 174.469257521286721, -35.505885728302815 ], [ 174.469259187417151, -35.505878810112719 ], [ 174.469263386480662, -35.505872651521699 ], [ 174.469269707443431, -35.505867855375293 ], [ 174.469277531565467, -35.505864891153514 ], [ 174.469286092967707, -35.505864049014782 ], [ 174.469294553601088, -35.505865411393422 ], [ 174.469302085280475, -35.505868844930419 ], [ 174.469311558474573, -35.505874927542195 ], [ 174.469311927887418, -35.505875168955086 ], [ 174.469321272060029, -35.505881383573318 ], [ 174.469321636353101, -35.505881630133253 ], [ 174.469330848753316, -35.505887974928434 ], [ 174.46933120781938, -35.505888226562838 ], [ 174.4693402857352, -35.505894699667166 ], [ 174.469340639468555, -35.505894956301944 ], [ 174.469349580227544, -35.505901555809814 ], [ 174.469349928523997, -35.505901817369427 ], [ 174.46935872949399, -35.505908541337995 ], [ 174.469359072251109, -35.50590880774547 ], [ 174.46936773084127, -35.505915654195299 ], [ 174.469368067958015, -35.505915925372157 ], [ 174.469376581619258, -35.505922892287735 ], [ 174.469376912996523, -35.505923168154183 ], [ 174.469385279222536, -35.505930253484536 ], [ 174.469385604762664, -35.505930533959337 ], [ 174.469393821090449, -35.505937735618609 ], [ 174.469394140697659, -35.505938020619233 ], [ 174.469402204708416, -35.505945336487358 ], [ 174.469402518288604, -35.505945625929868 ], [ 174.469410427608324, -35.505953053853126 ], [ 174.469410735069175, -35.505953347652337 ], [ 174.46941848736941, -35.505960885444068 ], [ 174.46941878862043, -35.505961183513449 ], [ 174.469426381618945, -35.505968828954593 ], [ 174.469426676571402, -35.505969131206442 ], [ 174.469434108032857, -35.505976882046248 ], [ 174.469434396599951, -35.505977188391569 ], [ 174.469441664336557, -35.5059850423483 ], [ 174.469441946433335, -35.505985352696904 ], [ 174.469449048305535, -35.505993307458446 ], [ 174.46944932384892, -35.505993621718979 ], [ 174.469456257765955, -35.506001674943533 ], [ 174.469456526674833, -35.506001993023467 ], [ 174.469463290595371, -35.506010142340259 ], [ 174.469466789818938, -35.506016069816759 ], [ 174.469467720963593, -35.506018503789576 ], [ 174.469467859736682, -35.506018877893702 ], [ 174.469468739108805, -35.506021324707255 ], [ 174.469468869925038, -35.506021700723402 ], [ 174.469469697260024, -35.506024159641434 ], [ 174.469469820080064, -35.506024537456476 ], [ 174.469470595128968, -35.506027007739107 ], [ 174.469470709915868, -35.506027387239278 ], [ 174.469471432445459, -35.506029868143195 ], [ 174.46947153916463, -35.506030249214383 ], [ 174.469472208957484, -35.506032739993074 ], [ 174.469472307576865, -35.506033122520577 ], [ 174.469472924431471, -35.506035622424562 ], [ 174.469473014921363, -35.506036006293286 ], [ 174.469473578652071, -35.506038514570335 ], [ 174.469473660985216, -35.50603889966478 ], [ 174.469474171422405, -35.506041415560162 ], [ 174.469474245574077, -35.506041801764425 ], [ 174.469474702564128, -35.506044324521092 ], [ 174.469474768512015, -35.506044711719007 ], [ 174.469475171917452, -35.506047240577871 ], [ 174.46947522964166, -35.50604762865288 ], [ 174.469475579341093, -35.506050162852993 ], [ 174.469475628824284, -35.506050551688361 ], [ 174.469475924712441, -35.506053090467169 ], [ 174.469475965939722, -35.506053479945905 ], [ 174.469476207927556, -35.506056022539497 ], [ 174.469476240886536, -35.506056412544346 ], [ 174.46947642890126, -35.50605895818763 ], [ 174.469476453582018, -35.506059348601312 ], [ 174.469476587567044, -35.506061896528323 ], [ 174.469476603962107, -35.506062287233313 ], [ 174.469476683877133, -35.506064836677361 ], [ 174.46947669198164, -35.506065227556121 ], [ 174.469476717802564, -35.506067777750097 ], [ 174.469476717614015, -35.506068168684948 ], [ 174.469476689333106, -35.506070718861466 ], [ 174.469476680851585, -35.506071109734883 ], [ 174.469476598477343, -35.506073659126606 ], [ 174.469476581705351, -35.506074049820896 ], [ 174.469476445262558, -35.506076597660709 ], [ 174.469476420205211, -35.506076988058339 ], [ 174.469476229734909, -35.506079533579559 ], [ 174.469476196399711, -35.506079923563036 ], [ 174.469475951959168, -35.506082465999754 ], [ 174.469475910356181, -35.506082855451744 ], [ 174.469475612018982, -35.506085394038905 ], [ 174.469475562160682, -35.506085782842241 ], [ 174.469475210016611, -35.50608831681599 ], [ 174.469475151918004, -35.50608870485366 ], [ 174.46947474607299, -35.506091233451521 ], [ 174.469474679751585, -35.506091620606782 ], [ 174.469474220327726, -35.506094143067891 ], [ 174.469474145803474, -35.506094529224185 ], [ 174.469473632939014, -35.506097044789527 ], [ 174.469473550234312, -35.50609742983076 ], [ 174.469472984083609, -35.506099937743386 ], [ 174.469472893223355, -35.50610032155361 ], [ 174.46947227395674, -35.50610282105891 ], [ 174.469472174968246, -35.506103203522663 ], [ 174.469471502772052, -35.506105693868513 ], [ 174.469471395685133, -35.506106074870743 ], [ 174.469470670761581, -35.506108555307769 ], [ 174.469470555608495, -35.506108934733788 ], [ 174.46946977817575, -35.50611140451565 ], [ 174.469469654991087, -35.506111782251338 ], [ 174.469468825283059, -35.506114240634879 ], [ 174.469468694103881, -35.506114616566514 ], [ 174.469467812370254, -35.506117062811988 ], [ 174.469467673236096, -35.506117436826464 ], [ 174.469466739742131, -35.506119870197793 ], [ 174.469466592694801, -35.506120242182583 ], [ 174.469465607721418, -35.506122661947558 ], [ 174.469465452805167, -35.50612303179075 ], [ 174.469464416648748, -35.506125437221236 ], [ 174.469464253910218, -35.506125804811504 ], [ 174.46946316688252, -35.506128195183742 ], [ 174.469462996370652, -35.506128560410517 ], [ 174.469461858798752, -35.506130935005203 ], [ 174.469461680564905, -35.50613129775855 ], [ 174.469460492791086, -35.506133655861191 ], [ 174.469460306888834, -35.506134016031979 ], [ 174.469459069270528, -35.506136356932977 ], [ 174.469458875755805, -35.506136714412825 ], [ 174.469457588665421, -35.506139037407827 ], [ 174.469457387596492, -35.506139392089146 ], [ 174.469456051421304, -35.506141696479148 ], [ 174.46945584285865, -35.506142048255271 ], [ 174.469454458000655, -35.506144333346874 ], [ 174.46945424200706, -35.506144682111881 ], [ 174.469452808883034, -35.506146947217502 ], [ 174.469452585523413, -35.506147292866501 ], [ 174.46945110456457, -35.506149537304545 ], [ 174.469450873906197, -35.506149879733513 ], [ 174.469450855457893, -35.506149906567927 ], [ 174.469450706005262, -35.506150302764773 ], [ 174.469450561756929, -35.506150673757794 ], [ 174.469450045117952, -35.506151963808875 ], [ 174.46944989305419, -35.506152332709298 ], [ 174.469449349241046, -35.506153615270961 ], [ 174.469449189407271, -35.506153981968552 ], [ 174.46944861858222, -35.50615525665809 ], [ 174.469448451026068, -35.506155621043519 ], [ 174.469447853359441, -35.506156887480579 ], [ 174.46944767813099, -35.506157249445124 ], [ 174.469447053801076, -35.50615850725184 ], [ 174.469446870952595, -35.506158866687372 ], [ 174.469446220145727, -35.50616011548847 ], [ 174.469446029731671, -35.506160472287974 ], [ 174.469445352642026, -35.506161711710817 ], [ 174.469445154719352, -35.506162065767526 ], [ 174.469444451548952, -35.506163295442292 ], [ 174.469444246176579, -35.506163646650897 ], [ 174.469443517135204, -35.506164866210675 ], [ 174.469443304374551, -35.506165214466087 ], [ 174.469442549679769, -35.506166423547 ], [ 174.469442329594216, -35.506166768745537 ], [ 174.469441549471128, -35.506167966986816 ], [ 174.469441322126386, -35.506168309025362 ], [ 174.469440516807879, -35.506169496069468 ], [ 174.469440282271762, -35.506169834845991 ], [ 174.469439451998085, -35.50617101033874 ], [ 174.469439210340624, -35.506171345752065 ], [ 174.469438355359472, -35.506172509342733 ], [ 174.469438106652689, -35.506172841292951 ], [ 174.469437227219174, -35.506173992634338 ], [ 174.469436971537306, -35.506174321022328 ], [ 174.469436067913904, -35.506175459770887 ], [ 174.469435805333319, -35.506175784498566 ], [ 174.469434877789553, -35.506176910314529 ], [ 174.469434608388497, -35.506177231285143 ], [ 174.469433657201193, -35.506178343832588 ], [ 174.469433381060043, -35.506178660950354 ], [ 174.469432406512993, -35.506179759897314 ], [ 174.469432123714256, -35.506180073067497 ], [ 174.469431126098243, -35.506181158086079 ], [ 174.46943083672619, -35.506181467215335 ], [ 174.469429816338902, -35.506182537981793 ], [ 174.469429520479878, -35.506182842977928 ], [ 174.469428477625712, -35.506183899172754 ], [ 174.469428175368108, -35.506184199944613 ], [ 174.469427110358254, -35.506185241252673 ], [ 174.469426801792224, -35.506185537710579 ], [ 174.469425714944492, -35.506186563821174 ], [ 174.469425400161981, -35.506186855876756 ], [ 174.469424291800635, -35.506187866483707 ], [ 174.46942397089569, -35.506188154049717 ], [ 174.469422841351445, -35.506189148851476 ], [ 174.469422514419705, -35.506189431842202 ], [ 174.469421364029614, -35.50619041054194 ], [ 174.469421031168736, -35.506190688872849 ], [ 174.46941986027602, -35.506191651178547 ], [ 174.469419521585337, -35.506191924766618 ], [ 174.469418330539355, -35.50619287039116 ], [ 174.469418210167333, -35.506192964322018 ], [ 174.469428810160366, -35.506194715514361 ], [ 174.469475252237004, -35.50620178102654 ], [ 174.469521821913361, -35.506208260714722 ], [ 174.469568508138082, -35.506214153041249 ], [ 174.469614824892403, -35.506219402776296 ], [ 174.469757140779933, -35.506229616969662 ], [ 174.469764122286193, -35.506230879329408 ], [ 174.469768197139643, -35.506232086935164 ], [ 174.469768639654347, -35.506232221594416 ], [ 174.469772688610533, -35.506233486101401 ], [ 174.469773128239183, -35.506233626939412 ], [ 174.469777150109849, -35.50623494797653 ], [ 174.469777586723495, -35.506235094952004 ], [ 174.469781580328259, -35.506236472131548 ], [ 174.469782013798692, -35.506236625201296 ], [ 174.469785977965529, -35.506238058119109 ], [ 174.469786408165504, -35.506238217238213 ], [ 174.469790341731056, -35.506239705473732 ], [ 174.469790768534381, -35.506239870595522 ], [ 174.469794670344186, -35.506241413712033 ], [ 174.469795093625606, -35.506241584788022 ], [ 174.469798962534583, -35.506243182332625 ], [ 174.469799382169839, -35.506243359312599 ], [ 174.469803217042539, -35.506245010816457 ], [ 174.46980363290848, -35.506245193648517 ], [ 174.469807432619461, -35.506246898626934 ], [ 174.469807844594072, -35.506247087257407 ], [ 174.469811608028181, -35.506248845210017 ], [ 174.469812015990499, -35.506249039583523 ], [ 174.469815742043323, -35.506250849994416 ], [ 174.46981614587358, -35.506251050053891 ], [ 174.46981983345151, -35.506252912391737 ], [ 174.469820233031356, -35.506253118078554 ], [ 174.469823881052207, -35.506255031796812 ], [ 174.469824276264262, -35.506255243050518 ], [ 174.469827883657388, -35.506257207587538 ], [ 174.469828274385719, -35.506257424346209 ], [ 174.469831840092439, -35.506259439125451 ], [ 174.469832226222223, -35.50625966132538 ], [ 174.469835749196079, -35.506261725755529 ], [ 174.469836130614226, -35.50626195333161 ], [ 174.469839609821292, -35.506264066806828 ], [ 174.469839986415735, -35.506264299692205 ], [ 174.469843420834934, -35.506266461592212 ], [ 174.469843792495141, -35.506266699718552 ], [ 174.469847181118553, -35.506268909408902 ], [ 174.469847547735469, -35.506269152706309 ], [ 174.469850889568619, -35.506271409538478 ], [ 174.46985125103464, -35.506271657935578 ], [ 174.469854545096752, -35.506273961247238 ], [ 174.469854901305837, -35.506274214671144 ], [ 174.469858146630145, -35.506276563786336 ], [ 174.469858497477702, -35.506276822162619 ], [ 174.469861693111795, -35.506279216391917 ], [ 174.469862038494881, -35.506279479644775 ], [ 174.4698651835009, -35.506281918285545 ], [ 174.469865523318163, -35.506282186337728 ], [ 174.469868616773113, -35.506284668674247 ], [ 174.469868950924763, -35.506284941447042 ], [ 174.469871991920741, -35.506287466750827 ], [ 174.469872320308866, -35.50628774416429 ], [ 174.46987530795343, -35.506290311694201 ], [ 174.469875630481511, -35.506290593666812 ], [ 174.469878563897851, -35.50629320266934 ], [ 174.469878880471271, -35.506293489118384 ], [ 174.469881758798465, -35.506296138827842 ], [ 174.469882069324285, -35.50629642966922 ], [ 174.469884891717612, -35.506299119307975 ], [ 174.469885196104769, -35.506299414456379 ], [ 174.469887961735935, -35.506302143235089 ], [ 174.469888259895072, -35.506302442603911 ], [ 174.469890967952381, -35.50630520972171 ], [ 174.469891259795901, -35.506305513222998 ], [ 174.469893909484625, -35.506308317867806 ], [ 174.469894194927036, -35.506308625412643 ], [ 174.469896785469501, -35.506311466761375 ], [ 174.469897064426874, -35.506311778259324 ], [ 174.469899595062856, -35.506314655478093 ], [ 174.469899867453421, -35.506314970837849 ], [ 174.469901162335901, -35.506316497572513 ], [ 174.469905681648129, -35.50632041915383 ], [ 174.469911559333497, -35.506325353162012 ], [ 174.46991753611718, -35.506330206921298 ], [ 174.469923610361008, -35.506334979101297 ], [ 174.469929780399809, -35.506339668393764 ], [ 174.46993604454201, -35.506344273513058 ], [ 174.46994240107054, -35.506348793196892 ], [ 174.469948848242808, -35.506353226206166 ], [ 174.46995538429104, -35.506357571325431 ], [ 174.469962007423874, -35.506361827363762 ], [ 174.469968715825502, -35.506365993154304 ], [ 174.469975507656983, -35.506370067555103 ], [ 174.469982381056695, -35.506374049449406 ], [ 174.469989334139825, -35.506377937745249 ], [ 174.469996365000725, -35.506381731376969 ], [ 174.470003471711436, -35.506385429304295 ], [ 174.470010652324163, -35.506389030513724 ], [ 174.47001790487073, -35.506392534018154 ], [ 174.470025425712038, -35.506396031086176 ], [ 174.470026434477944, -35.506396523704247 ], [ 174.470035562042682, -35.506401199695709 ], [ 174.470044583200718, -35.506405645719269 ], [ 174.470053696881934, -35.506409963737696 ], [ 174.47006290036822, -35.506414152463122 ], [ 174.470072190919041, -35.506418210648313 ], [ 174.470081565762996, -35.506422137082666 ], [ 174.470091022108079, -35.506425930596798 ], [ 174.47010055713389, -35.506429590059298 ], [ 174.470110167999962, -35.50643311438003 ], [ 174.470119851841304, -35.506436502508336 ], [ 174.470129605771945, -35.506439753434535 ], [ 174.470139426883463, -35.506442866189261 ], [ 174.470149312250811, -35.506445839845441 ], [ 174.470159258926117, -35.506448673516289 ], [ 174.470169263945309, -35.506451366357389 ], [ 174.470179324326381, -35.506453917566141 ], [ 174.470189437071355, -35.506456326382285 ], [ 174.47019959916463, -35.506458592087526 ], [ 174.470209807579437, -35.506460714007019 ], [ 174.470220290835499, -35.506462736175536 ], [ 174.47022103613088, -35.506462888937044 ], [ 174.470224420489814, -35.506463623766386 ], [ 174.470224880252147, -35.506463727081581 ], [ 174.470228248558612, -35.506464509673201 ], [ 174.470228706066536, -35.506464619476375 ], [ 174.470232057312444, -35.506465449596064 ], [ 174.470232512428737, -35.506465565854278 ], [ 174.470235845611143, -35.506466443253615 ], [ 174.470236298199893, -35.506466565932136 ], [ 174.470239612321308, -35.50646749034852 ], [ 174.470240062246916, -35.506467619410643 ], [ 174.470243356315422, -35.506468590567422 ], [ 174.470243803443196, -35.50646872597445 ], [ 174.470247076472987, -35.506469743580972 ], [ 174.470247520669204, -35.506469885292447 ], [ 174.470250771680725, -35.506470949044171 ], [ 174.470251212812542, -35.50647109701768 ], [ 174.470254440832804, -35.506472206596264 ], [ 174.470254878767975, -35.50647236078747 ], [ 174.470258082830981, -35.506473515860819 ], [ 174.470258517438509, -35.5064736762236 ], [ 174.470261696585283, -35.506474876446021 ], [ 174.470262127735282, -35.50647504293245 ], [ 174.470265281014406, -35.506476287944764 ], [ 174.470265708577585, -35.506476460504899 ], [ 174.470268835045346, -35.506477749934504 ], [ 174.470269258893893, -35.506477928516787 ], [ 174.470272357614675, -35.506479261977773 ], [ 174.470272777621744, -35.506479446528751 ], [ 174.470275847668091, -35.506480823622056 ], [ 174.470276263707831, -35.506481014086432 ], [ 174.470279304160982, -35.506482434399899 ], [ 174.470279716109076, -35.506482630720754 ], [ 174.470282726059054, -35.506484093829329 ], [ 174.470283133792122, -35.506484295947864 ], [ 174.47028611233813, -35.506485801413675 ], [ 174.470286515734216, -35.506486009269416 ], [ 174.470289461984834, -35.506487556641929 ], [ 174.470289860923145, -35.50648777017264 ], [ 174.470292773996619, -35.506489358988738 ], [ 174.470293168357756, -35.506489578130548 ], [ 174.470296047382305, -35.506491207914735 ], [ 174.470296437048233, -35.506491432602004 ], [ 174.470299281162198, -35.506493102866528 ], [ 174.470299666016416, -35.506493333032132 ], [ 174.470302474368651, -35.506495043277113 ], [ 174.470302854295767, -35.506495278852036 ], [ 174.470305626045786, -35.50649702856564 ], [ 174.470306000932254, -35.506497269479453 ], [ 174.470308735250512, -35.506499058138033 ], [ 174.470309104984153, -35.506499304318631 ], [ 174.470311801052304, -35.506501131386884 ], [ 174.470312165522358, -35.506501382760554 ], [ 174.470314822533567, -35.506503247691668 ], [ 174.470315181631065, -35.506503504183243 ], [ 174.47031779879012, -35.506505406419109 ], [ 174.470318152407458, -35.506505667951721 ], [ 174.470320728931114, -35.506507606923002 ], [ 174.470321076962648, -35.506507873418535 ], [ 174.470323612079795, -35.506509848544979 ], [ 174.47032395442119, -35.506510119923533 ], [ 174.470326447373139, -35.506512130614006 ], [ 174.470326783922019, -35.506512406794428 ], [ 174.470329233962673, -35.506514452447192 ], [ 174.470329564618311, -35.506514733346819 ], [ 174.470331971014417, -35.506516813349648 ], [ 174.470332295677878, -35.506517098884437 ], [ 174.470334657709259, -35.506519212614826 ], [ 174.470334976283283, -35.506519502699241 ], [ 174.470337293243006, -35.506521649524608 ], [ 174.470337605632409, -35.506521944071956 ], [ 174.470339876827097, -35.506524123349799 ], [ 174.47034018293823, -35.506524422271831 ], [ 174.47034240768815, -35.506526633349942 ], [ 174.470342707429467, -35.506526936557215 ], [ 174.470344885068812, -35.50652917877386 ], [ 174.470345178350613, -35.50652948617568 ], [ 174.470347308227616, -35.506531758859836 ], [ 174.470347594962135, -35.506532070364131 ], [ 174.470349676439383, -35.50653437283561 ], [ 174.470349956540758, -35.506534688349198 ], [ 174.470351988995304, -35.506537019918937 ], [ 174.470352262379805, -35.506537339347425 ], [ 174.470354245203396, -35.506539699317628 ], [ 174.470354511789083, -35.506540022565311 ], [ 174.470356444388273, -35.506542410229684 ], [ 174.470356704095451, -35.506542737199936 ], [ 174.470358585891859, -35.506545151843923 ], [ 174.470358838642767, -35.506545482438831 ], [ 174.470360669073187, -35.506547923339767 ], [ 174.470360914792167, -35.506548257460381 ], [ 174.470362693308857, -35.506550723887756 ], [ 174.470362931922381, -35.506551061434152 ], [ 174.470364657993031, -35.506553552649805 ], [ 174.470364889429675, -35.506553893520881 ], [ 174.470366562537663, -35.506556408779275 ], [ 174.470366786728249, -35.506556752873088 ], [ 174.47036840637287, -35.506559291421468 ], [ 174.470368623250152, -35.506559638634933 ], [ 174.470370188946703, -35.506562199713542 ], [ 174.470370398445908, -35.506562549942828 ], [ 174.470371909725742, -35.506565132785191 ], [ 174.470372111784116, -35.506565485925513 ], [ 174.470373568195015, -35.506568089758638 ], [ 174.470373762752047, -35.506568445704225 ], [ 174.47037516385808, -35.506571069748858 ], [ 174.470375350855619, -35.506571428393229 ], [ 174.470376034763206, -35.506572772167729 ], [ 174.470393327199304, -35.506597518035313 ], [ 174.47039353705614, -35.506597823843968 ], [ 174.470411187312124, -35.506624019718387 ], [ 174.470411391324745, -35.506624328159873 ], [ 174.470428540993794, -35.506650745414646 ], [ 174.47042873911272, -35.506651056414313 ], [ 174.470445384042563, -35.506677688654044 ], [ 174.470445576219873, -35.506678002136589 ], [ 174.47046171238037, -35.506704842913798 ], [ 174.470461898569511, -35.506705158803328 ], [ 174.470477522053756, -35.506732201620082 ], [ 174.470477702209593, -35.506732519840114 ], [ 174.470492809234742, -35.506759758149535 ], [ 174.470492983313733, -35.506760078623039 ], [ 174.470507570221912, -35.506787505830914 ], [ 174.47050784672669, -35.506788044732247 ], [ 174.470512636553963, -35.506797730120603 ], [ 174.470512812535645, -35.506798095076519 ], [ 174.470517395460348, -35.506807847170585 ], [ 174.470517563646411, -35.506808214575926 ], [ 174.470521938279859, -35.506818030420796 ], [ 174.470522098619313, -35.506818400164256 ], [ 174.470526263635861, -35.506828276785676 ], [ 174.470526416080133, -35.506828648755196 ], [ 174.470530370217716, -35.506838583160494 ], [ 174.470530514720622, -35.506838957243382 ], [ 174.470534256780979, -35.506848946422402 ], [ 174.47053439329872, -35.506849322505325 ], [ 174.47053792214794, -35.506859363431275 ], [ 174.470538050639135, -35.506859741400248 ], [ 174.470541365207879, -35.506869831030677 ], [ 174.470541485633618, -35.506870210771211 ], [ 174.470544584917462, -35.506880346048916 ], [ 174.470544697241252, -35.506880727445896 ], [ 174.47054758030103, -35.506890905299819 ], [ 174.470547684488793, -35.506891288237746 ], [ 174.470550350450821, -35.506901505583976 ], [ 174.470550446471037, -35.506901889946747 ], [ 174.47055289452743, -35.506912143689355 ], [ 174.470552982350966, -35.506912529360555 ], [ 174.470555211759859, -35.506922816392574 ], [ 174.470555291360085, -35.506923203255326 ], [ 174.470557301445893, -35.506933520459754 ], [ 174.470557372798737, -35.506933908396832 ], [ 174.470559162952298, -35.5069442526475 ], [ 174.470559226036102, -35.506944641541359 ], [ 174.470560795714874, -35.506955009703866 ], [ 174.470560850510537, -35.506955399436663 ], [ 174.470562199238827, -35.506965788369435 ], [ 174.470562245729724, -35.506966178823092 ], [ 174.47056337309877, -35.50697658537819 ], [ 174.470563411270831, -35.506976976434387 ], [ 174.470564316938948, -35.506987397458552 ], [ 174.470564346780577, -35.506987788998813 ], [ 174.470564979000869, -35.506997435927254 ], [ 174.470565213883049, -35.506998985576566 ], [ 174.470565582885229, -35.507001117822803 ], [ 174.470565996851178, -35.507003244542702 ], [ 174.470566455657462, -35.507005365101776 ], [ 174.470566959167314, -35.507007478868132 ], [ 174.470567507230669, -35.507009585211719 ], [ 174.470568099684215, -35.5070116835048 ], [ 174.470568736351339, -35.507013773121869 ], [ 174.470569417042299, -35.507015853440151 ], [ 174.470570141554106, -35.507017923839349 ], [ 174.470570909670954, -35.507019983702691 ], [ 174.470571721163793, -35.507022032415897 ], [ 174.470572575790811, -35.507024069368605 ], [ 174.470573473297208, -35.507026093953371 ], [ 174.470574413415676, -35.507028105567215 ], [ 174.470575395865609, -35.50703010360975 ], [ 174.470576420354547, -35.507032087486209 ], [ 174.470577486576985, -35.507034056604908 ], [ 174.470578594215084, -35.507036010378833 ], [ 174.470579742938867, -35.507037948226071 ], [ 174.470580932405596, -35.507039869568338 ], [ 174.470582162261223, -35.507041773833684 ], [ 174.470583432138596, -35.507043660453718 ], [ 174.470584741659849, -35.507045528867017 ], [ 174.470586090434182, -35.507047378516006 ], [ 174.470587478059628, -35.507049208849388 ], [ 174.470588904122849, -35.507051019321992 ], [ 174.470590368198629, -35.507052809393983 ], [ 174.470591869850495, -35.50705457853168 ], [ 174.470593408631089, -35.507056326208001 ], [ 174.470594984081288, -35.507058051901573 ], [ 174.470596595732076, -35.507059755098588 ], [ 174.470598243102756, -35.507061435291078 ], [ 174.470599925702601, -35.507063091978502 ], [ 174.470601643029568, -35.507064724666591 ], [ 174.470603394572152, -35.507066332868966 ], [ 174.470605179808217, -35.507067916106351 ], [ 174.470606998205824, -35.507069473906874 ], [ 174.470608849222771, -35.507071005806054 ], [ 174.47061073230671, -35.507072511346834 ], [ 174.470612646898047, -35.507073990081743 ], [ 174.470614592424283, -35.507075441568652 ], [ 174.470616568306895, -35.507076865375922 ], [ 174.470618755150468, -35.50707838716913 ], [ 174.470618843069644, -35.507078448611367 ], [ 174.470619489818347, -35.507078902514621 ], [ 174.470619962208531, -35.507079222593909 ], [ 174.470620441311297, -35.507079535932583 ], [ 174.470620926981695, -35.507079842435786 ], [ 174.470621419074575, -35.507080142011951 ], [ 174.470621917441662, -35.507080434570831 ], [ 174.470622421934166, -35.507080720025023 ], [ 174.470622932399067, -35.507080998288011 ], [ 174.470623448684762, -35.507081269277101 ], [ 174.470623970635643, -35.50708153291064 ], [ 174.470624498094566, -35.507081789109243 ], [ 174.47062503090325, -35.507082037796046 ], [ 174.470625568902307, -35.507082278896654 ], [ 174.47062611192959, -35.507082512338393 ], [ 174.470626659822358, -35.507082738051295 ], [ 174.470627212416019, -35.507082955967562 ], [ 174.470627769544222, -35.507083166021602 ], [ 174.470628331040132, -35.507083368150496 ], [ 174.470628896735576, -35.507083562293744 ], [ 174.470629466460423, -35.507083748392908 ], [ 174.470630040042209, -35.507083926391665 ], [ 174.470630617311116, -35.507084096237342 ], [ 174.470631198091894, -35.507084257878354 ], [ 174.470631782210717, -35.50708441126632 ], [ 174.470632369492904, -35.507084556355395 ], [ 174.470632959761161, -35.507084693101739 ], [ 174.470633552838621, -35.507084821464403 ], [ 174.47063414854739, -35.507084941404884 ], [ 174.470634746707702, -35.507085052886978 ], [ 174.470635347141695, -35.507085155877562 ], [ 174.470635949667582, -35.507085250345412 ], [ 174.470636554104601, -35.507085336262207 ], [ 174.470637160272048, -35.507085413602297 ], [ 174.470637767987142, -35.507085482342283 ], [ 174.470638377067587, -35.50708554246161 ], [ 174.47063898733083, -35.507085593942229 ], [ 174.470639598592953, -35.50708563676865 ], [ 174.470640210671547, -35.50708567092807 ], [ 174.470640823381956, -35.507085696410172 ], [ 174.470641436539609, -35.507085713207331 ], [ 174.470642049962152, -35.50708572131451 ], [ 174.47064266346365, -35.507085720729243 ], [ 174.470643276860812, -35.507085711451737 ], [ 174.470643889969722, -35.507085693484768 ], [ 174.470644502605552, -35.507085666833731 ], [ 174.470645114584499, -35.507085631506634 ], [ 174.470645725722562, -35.507085587514133 ], [ 174.470646335837614, -35.507085534869283 ], [ 174.470646944744999, -35.50708547358802 ], [ 174.47064755226242, -35.507085403688713 ], [ 174.470648158207013, -35.507085325192421 ], [ 174.470648762397644, -35.507085238122571 ], [ 174.470649364652161, -35.507085142505439 ], [ 174.470649964790113, -35.507085038369659 ], [ 174.47065056263088, -35.507084925746575 ], [ 174.470651157996258, -35.507084804669759 ], [ 174.47065175070577, -35.507084675175911 ], [ 174.47065234058212, -35.507084537303768 ], [ 174.47065292744827, -35.507084391094729 ], [ 174.470653511127949, -35.507084236592682 ], [ 174.470654091446306, -35.507084073843927 ], [ 174.470654668228292, -35.507083902897541 ], [ 174.470655241301756, -35.507083723804541 ], [ 174.47065581049273, -35.507083536619312 ], [ 174.470656375633013, -35.507083341397184 ], [ 174.470656936550398, -35.507083138197608 ], [ 174.470657493078221, -35.507082927080987 ], [ 174.470658045048594, -35.507082708110985 ], [ 174.470658592295479, -35.507082481353471 ], [ 174.470659134654994, -35.507082246876394 ], [ 174.470659671964313, -35.50708200475011 ], [ 174.470660204062654, -35.507081755047082 ], [ 174.470660730788694, -35.507081497842989 ], [ 174.470661251985632, -35.507081233214457 ], [ 174.470661767496125, -35.507080961241329 ], [ 174.470662277166838, -35.507080682004499 ], [ 174.470662780842702, -35.50708039558895 ], [ 174.470663278373621, -35.50708010208001 ], [ 174.47066376961024, -35.507079801565816 ], [ 174.470664254404852, -35.507079494136732 ], [ 174.470664732611908, -35.507079179885011 ], [ 174.470665204087567, -35.507078858905217 ], [ 174.470665668690742, -35.507078531293374 ], [ 174.470666126281913, -35.507078197147898 ], [ 174.47066657672309, -35.507077856569531 ], [ 174.470667019879471, -35.507077509660206 ], [ 174.470667455617928, -35.507077156524105 ], [ 174.470667883807465, -35.507076797267416 ], [ 174.470668304320014, -35.507076431997625 ], [ 174.470668717028445, -35.507076060825099 ], [ 174.470669121809721, -35.507075683860549 ], [ 174.470669518542053, -35.507075301217327 ], [ 174.470669907105474, -35.507074913011209 ], [ 174.470670287384621, -35.507074519357424 ], [ 174.470670659264471, -35.507074120375052 ], [ 174.470671022633894, -35.507073716183271 ], [ 174.470671377382871, -35.507073306904516 ], [ 174.470671858096722, -35.507072731414418 ], [ 174.470677775777034, -35.507067602698733 ], [ 174.470685342066446, -35.507064220260567 ], [ 174.470693816324143, -35.5070629151963 ], [ 174.470702369031414, -35.507063815254618 ], [ 174.470710162990315, -35.507066832331581 ], [ 174.470716435274284, -35.507071671094863 ], [ 174.470720571908515, -35.507077857892909 ], [ 174.470722167970109, -35.507084787119027 ], [ 174.470721067224815, -35.507091780492409 ], [ 174.470717377420556, -35.507098153452887 ], [ 174.470716762016423, -35.507098890189013 ], [ 174.470716489238271, -35.507099210748528 ], [ 174.470715858314207, -35.50709993865474 ], [ 174.470715578784137, -35.507100255301197 ], [ 174.470714932529575, -35.507100974158952 ], [ 174.470714646331174, -35.507101286797571 ], [ 174.470713984940176, -35.507101996391008 ], [ 174.470713692159762, -35.507102304927493 ], [ 174.470713015830967, -35.507103005043554 ], [ 174.470712716556022, -35.507103309385705 ], [ 174.470712025492503, -35.507103999814149 ], [ 174.470711719813352, -35.507104299870143 ], [ 174.470711014222587, -35.507104980403682 ], [ 174.470710702230605, -35.507105276083799 ], [ 174.47070998232445, -35.50710594651806 ], [ 174.470709664113571, -35.507106237733318 ], [ 174.470708930108231, -35.507106897867018 ], [ 174.470708605774036, -35.507107184529922 ], [ 174.470707857889863, -35.507107834164842 ], [ 174.470707527529441, -35.507108116189578 ], [ 174.470706765990968, -35.507108755130623 ], [ 174.470706429703711, -35.507109032432354 ], [ 174.470705654739703, -35.507109660487707 ], [ 174.470705312626848, -35.507109932982914 ], [ 174.470704524469937, -35.50711054996399 ], [ 174.470704176633632, -35.507110817571352 ], [ 174.470703375520486, -35.507111423292876 ], [ 174.470703022065777, -35.507111685931562 ], [ 174.470702208236929, -35.507112280211665 ], [ 174.470701849269375, -35.507112537803224 ], [ 174.470701022969251, -35.507113120463451 ], [ 174.470700658597082, -35.50711337293022 ], [ 174.470699820073747, -35.507113943795623 ], [ 174.470699450406045, -35.507114191062051 ], [ 174.470698599911259, -35.507114749961204 ], [ 174.470698225059522, -35.507114991952704 ], [ 174.470697362848682, -35.507115538717812 ], [ 174.470696982924778, -35.507115775362159 ], [ 174.470696109256778, -35.507116309829016 ], [ 174.470695724375446, -35.507116541054728 ], [ 174.470694839512646, -35.507117063062893 ], [ 174.470694449788738, -35.507117288800963 ], [ 174.470693553996796, -35.507117798193661 ], [ 174.470693159548262, -35.507118018375799 ], [ 174.470692253096161, -35.507118515000101 ], [ 174.470691854040609, -35.507118729560645 ], [ 174.470690937200516, -35.507119213267394 ], [ 174.470690533658114, -35.507119422141749 ], [ 174.470689606705378, -35.507119892785745 ], [ 174.470689198797288, -35.507120095911141 ], [ 174.470688262010242, -35.507120553351029 ], [ 174.470687849858763, -35.50712075066663 ], [ 174.47068690351864, -35.50712119476507 ], [ 174.470686487247974, -35.507121386211381 ], [ 174.470685531638964, -35.507121816835024 ], [ 174.470685111373598, -35.507122002354805 ], [ 174.470684146782617, -35.507122419374348 ], [ 174.470683722649056, -35.507122598911742 ], [ 174.47068274936575, -35.507123002201986 ], [ 174.470682321491154, -35.507123175703178 ], [ 174.470681339807783, -35.50712356514299 ], [ 174.470680908320844, -35.507123732555797 ], [ 174.470679918532142, -35.507124108028279 ], [ 174.470679483562293, -35.50712426930248 ], [ 174.470678485965465, -35.507124630694868 ], [ 174.47067804764319, -35.507124785782061 ], [ 174.470677042537829, -35.507125132985855 ], [ 174.470676600995176, -35.507125281839329 ], [ 174.470675588683036, -35.507125614750272 ], [ 174.470675144051967, -35.507125757325582 ], [ 174.470674124837018, -35.507126075843694 ], [ 174.470673677251426, -35.507126212097852 ], [ 174.470672651439713, -35.507126516127506 ], [ 174.470672201034148, -35.507126646019579 ], [ 174.470671168933706, -35.507126935469479 ], [ 174.470670715842942, -35.507127058960592 ], [ 174.470669677763652, -35.507127333743824 ], [ 174.470669222124201, -35.50712745079678 ], [ 174.470668178377792, -35.507127710830851 ], [ 174.470667720325991, -35.507127821410606 ], [ 174.470666671225842, -35.507128066617412 ], [ 174.470666210899793, -35.507128170690656 ], [ 174.470665156760901, -35.507128400996585 ], [ 174.470664694298193, -35.50712849853219 ], [ 174.470663635437091, -35.507128713868092 ], [ 174.47066317097736, -35.507128804836604 ], [ 174.470662107712002, -35.507129005137813 ], [ 174.47066164139386, -35.507129089512091 ], [ 174.470660574043535, -35.507129274718459 ], [ 174.470660106007585, -35.507129352473065 ], [ 174.470659034892748, -35.507129522528999 ], [ 174.47065856527945, -35.507129593640606 ], [ 174.47065749072172, -35.507129748495011 ], [ 174.470657019671762, -35.507129812942289 ], [ 174.47065594199384, -35.507129952548702 ], [ 174.470655469649046, -35.507130010312274 ], [ 174.470654389174456, -35.507130134628746 ], [ 174.470653915676337, -35.507130185691295 ], [ 174.470652832729598, -35.507130294680515 ], [ 174.47065235822086, -35.507130339026645 ], [ 174.470651273127061, -35.507130432655899 ], [ 174.470650797749357, -35.507130470272386 ], [ 174.470649710834351, -35.507130548513523 ], [ 174.470649234731155, -35.50713057938902 ], [ 174.470648146321309, -35.50713064221857 ], [ 174.470647669635071, -35.507130666343812 ], [ 174.470646580057206, -35.507130713742903 ], [ 174.470646102931568, -35.507130731110635 ], [ 174.470645012512847, -35.507130763065049 ], [ 174.470644535090599, -35.50713077367007 ], [ 174.470643444158441, -35.507130790170194 ], [ 174.470642966583256, -35.507130794009328 ], [ 174.470641875465219, -35.507130795050223 ], [ 174.470641397880485, -35.507130792122304 ], [ 174.470640306904187, -35.507130777703651 ], [ 174.470639829452892, -35.507130768009546 ], [ 174.470638738945922, -35.507130738135665 ], [ 174.470638261771768, -35.507130721678315 ], [ 174.4706371720616, -35.507130676358187 ], [ 174.470636695308173, -35.507130653142511 ], [ 174.47063560672197, -35.507130592389757 ], [ 174.470635130532031, -35.507130562422731 ], [ 174.4706340433967, -35.507130486255576 ], [ 174.470633567912813, -35.507130449546182 ], [ 174.470632482554805, -35.507130357987485 ], [ 174.470632007920841, -35.507130314546799 ], [ 174.470630924666011, -35.50713020762408 ], [ 174.470630451023396, -35.50713015746507 ], [ 174.470629370197003, -35.507130035210416 ], [ 174.470628897688641, -35.507129978348203 ], [ 174.470627819615231, -35.507129840798321 ], [ 174.47062734838255, -35.507129777249929 ], [ 174.470626273385847, -35.507129624446122 ], [ 174.470625803571039, -35.507129554230723 ], [ 174.470624731973828, -35.507129386218907 ], [ 174.470624263717184, -35.507129309357467 ], [ 174.470623195841227, -35.50712912618804 ], [ 174.470622729283889, -35.507129042703745 ], [ 174.470621665449841, -35.507128844431733 ], [ 174.470621200731415, -35.507128754349552 ], [ 174.470620141258706, -35.507128541034504 ], [ 174.470619678518915, -35.5071284443815 ], [ 174.47061862372567, -35.50712821608743 ], [ 174.470618163104064, -35.507128112892779 ], [ 174.470617113307014, -35.507127869688262 ], [ 174.470616654940926, -35.50712775998273 ], [ 174.470615610455269, -35.507127501940779 ], [ 174.470615154482743, -35.507127385757393 ], [ 174.470614115622112, -35.507127112955487 ], [ 174.470613662180426, -35.50712699032924 ], [ 174.470612629256777, -35.507126702849305 ], [ 174.470612178481815, -35.507126573816954 ], [ 174.470611151805286, -35.507126271745307 ], [ 174.470610703831881, -35.507126136345406 ], [ 174.470609683710734, -35.50712581977276 ], [ 174.470609238674228, -35.507125678046243 ], [ 174.470608225414793, -35.507125347067635 ], [ 174.470607783448429, -35.507125199056922 ], [ 174.470606777354931, -35.507124853771749 ], [ 174.470606338591608, -35.507124699521356 ], [ 174.470605339966198, -35.507124340033307 ], [ 174.470604904537026, -35.507124179589347 ], [ 174.470603913679554, -35.507123806006334 ], [ 174.470603481716068, -35.507123639417259 ], [ 174.470602498923995, -35.507123251851453 ], [ 174.470602070555543, -35.50712307916713 ], [ 174.470601096124, -35.507122677734941 ], [ 174.470600671479218, -35.507122499007238 ], [ 174.470599705700806, -35.507122083829181 ], [ 174.470599284907138, -35.507121899111723 ], [ 174.470598328071844, -35.50712147031247 ], [ 174.470597911256021, -35.507121279660907 ], [ 174.470596963651161, -35.507120837369222 ], [ 174.470596550937699, -35.507120640840505 ], [ 174.470595612847802, -35.507120185189173 ], [ 174.470595204361302, -35.507119982842653 ], [ 174.470594276068027, -35.507119513968497 ], [ 174.470593871930589, -35.507119305864634 ], [ 174.470592953712668, -35.507118823908442 ], [ 174.470592554045965, -35.507118610109877 ], [ 174.470591646179145, -35.507118115216372 ], [ 174.470591251103059, -35.507117895787253 ], [ 174.470590353859905, -35.50711738810503 ], [ 174.470589963493126, -35.507117163111268 ], [ 174.470589077143075, -35.507116642792774 ], [ 174.470588691602899, -35.507116412301997 ], [ 174.47058781641212, -35.507115879503466 ], [ 174.470587435813883, -35.507115643584619 ], [ 174.470586572045107, -35.507115098466009 ], [ 174.47058619650366, -35.50711485719026 ], [ 174.470585344416293, -35.507114299915294 ], [ 174.4705849740443, -35.507114053355046 ], [ 174.470584133894164, -35.507113484091015 ], [ 174.470583768802271, -35.507113232319945 ], [ 174.470582984721659, -35.507112682033821 ], [ 174.47058066072205, -35.507111064795239 ], [ 174.470580301021869, -35.507110810074543 ], [ 174.470577968128396, -35.507109129007226 ], [ 174.470577613859888, -35.507108869246885 ], [ 174.470575316807071, -35.507107155498154 ], [ 174.470574968075738, -35.507106890775539 ], [ 174.470572707548286, -35.507105144856205 ], [ 174.470572364458121, -35.507104875250207 ], [ 174.47057014112977, -35.50710309768067 ], [ 174.470569803783036, -35.507102823271687 ], [ 174.470567618316522, -35.507101014581771 ], [ 174.470567286813719, -35.507100735451559 ], [ 174.470565139860412, -35.507098896180395 ], [ 174.470564814300388, -35.507098612412165 ], [ 174.47056270650026, -35.507096743107951 ], [ 174.470562386980106, -35.5070964547863 ], [ 174.470560318961361, -35.507094556006223 ], [ 174.470560005576232, -35.507094263217063 ], [ 174.470557977955337, -35.507092335527084 ], [ 174.47055767079874, -35.507092038357783 ], [ 174.470555684179999, -35.507090082332461 ], [ 174.470555383343282, -35.507089780871425 ], [ 174.470553438318888, -35.507087797093796 ], [ 174.470553143891976, -35.507087491431015 ], [ 174.470551241041619, -35.507085480492393 ], [ 174.470550953112138, -35.507085170718952 ], [ 174.470549093003029, -35.507083133218714 ], [ 174.470548811656755, -35.507082819426877 ], [ 174.470546994843318, -35.507080755972332 ], [ 174.470546720164236, -35.50708043825572 ], [ 174.47054494718796, -35.507078349461914 ], [ 174.470544679257841, -35.507078027915178 ], [ 174.470542950647229, -35.507075914404709 ], [ 174.470542689545965, -35.507075589123659 ], [ 174.470541005816244, -35.507073451526502 ], [ 174.470540751621684, -35.507073122608155 ], [ 174.470539113274668, -35.507070961561432 ], [ 174.470538866062583, -35.507070629103836 ], [ 174.470537273586643, -35.507068445251704 ], [ 174.470537033430645, -35.507068109353874 ], [ 174.470535487300481, -35.507065903347247 ], [ 174.470535254272221, -35.507065564109361 ], [ 174.470533754948605, -35.507063336605782 ], [ 174.470533529117461, -35.507062994128923 ], [ 174.470532077047352, -35.50706074579233 ], [ 174.470531858480712, -35.507060400178631 ], [ 174.47053045409686, -35.507058131679173 ], [ 174.470530242859866, -35.507057783031634 ], [ 174.470528886580865, -35.507055495045478 ], [ 174.470528682736443, -35.507055143467959 ], [ 174.470527374966593, -35.507052836677069 ], [ 174.470527178575566, -35.50705248227446 ], [ 174.470525919704613, -35.507050157366429 ], [ 174.470525730825415, -35.507049800244239 ], [ 174.470524521228612, -35.507047457912023 ], [ 174.470524339917603, -35.507047098176798 ], [ 174.470523179955507, -35.507044739118562 ], [ 174.470523006266717, -35.507044376877523 ], [ 174.470521896285021, -35.507042001796428 ], [ 174.470521730270264, -35.507041637157521 ], [ 174.470520670599797, -35.507039246761494 ], [ 174.470520512308497, -35.507038879833352 ], [ 174.470519503265137, -35.507036474834884 ], [ 174.470519352744475, -35.507036105726975 ], [ 174.470518394629011, -35.507033686842931 ], [ 174.470518251923863, -35.507033315665232 ], [ 174.470517345021847, -35.507030883616565 ], [ 174.470517210174762, -35.507030510479687 ], [ 174.470516354756427, -35.507028065991321 ], [ 174.470516227807622, -35.507027691006535 ], [ 174.470515424128024, -35.507025234807102 ], [ 174.470515305115271, -35.507024858086112 ], [ 174.470514553413921, -35.5070223909077 ], [ 174.470514442372746, -35.507022012562828 ], [ 174.47051374287372, -35.50701953514082 ], [ 174.470513639837208, -35.50701915528488 ], [ 174.470512992748951, -35.507016668357707 ], [ 174.470512897747795, -35.507016287103831 ], [ 174.470512303263206, -35.507013791412767 ], [ 174.470512216325744, -35.507013408874656 ], [ 174.470511674621974, -35.507010905163582 ], [ 174.470511595774127, -35.507010521455243 ], [ 174.470511107012697, -35.5070080104704 ], [ 174.470511036277912, -35.507007625706215 ], [ 174.470510600604456, -35.507005108196076 ], [ 174.470510538003879, -35.507004722490684 ], [ 174.470510155548254, -35.507002199205601 ], [ 174.470509985766228, -35.507000633236316 ], [ 174.47050931491745, -35.506990396776658 ], [ 174.470508443265516, -35.50698036707962 ], [ 174.470507358237938, -35.50697035130856 ], [ 174.470506060163473, -35.506960352497835 ], [ 174.470504549435532, -35.506950373677256 ], [ 174.470502826511989, -35.506940417870602 ], [ 174.470500891914924, -35.506930488094333 ], [ 174.470498746230703, -35.506920587357634 ], [ 174.470496390109389, -35.506910718659732 ], [ 174.470493824265191, -35.506900884991772 ], [ 174.47049104947547, -35.506891089332782 ], [ 174.470488066581197, -35.506881334651261 ], [ 174.470484876486296, -35.506871623902832 ], [ 174.470481480157304, -35.506861960029759 ], [ 174.470477878623484, -35.506852345960326 ], [ 174.470474072976231, -35.506842784607706 ], [ 174.470470064368754, -35.506833278869188 ], [ 174.470465854015629, -35.506823831624608 ], [ 174.470461443192846, -35.506814445736993 ], [ 174.470456877283056, -35.506805213114774 ], [ 174.470442518428428, -35.506778214676032 ], [ 174.470427588544311, -35.506751295726232 ], [ 174.470412148255974, -35.506724569976733 ], [ 174.470396201302123, -35.506698043898048 ], [ 174.470379751543419, -35.506671723911218 ], [ 174.470362802963166, -35.506645616388795 ], [ 174.470345359664805, -35.506619727651042 ], [ 174.470327319488348, -35.506593911728167 ], [ 174.470325803881849, -35.506591389746539 ], [ 174.470324550103015, -35.506588926258644 ], [ 174.470323339789701, -35.506586659535252 ], [ 174.47032208170242, -35.506584410271003 ], [ 174.470320776217648, -35.506582179139016 ], [ 174.470319423726437, -35.506579966807557 ], [ 174.470318024633229, -35.506577773938183 ], [ 174.470316579356762, -35.506575601187201 ], [ 174.470315088329613, -35.506573449204993 ], [ 174.470313551998089, -35.50657131863565 ], [ 174.470311970821967, -35.506569210116766 ], [ 174.470310345274328, -35.506567124279172 ], [ 174.470308675841892, -35.506565061747544 ], [ 174.470306963024342, -35.506563023139044 ], [ 174.470305207333723, -35.506561009063198 ], [ 174.470303409296264, -35.506559020123667 ], [ 174.470301569449305, -35.506557056914829 ], [ 174.470299688344255, -35.506555120025077 ], [ 174.470297766543467, -35.50655321003341 ], [ 174.470295804622339, -35.50655132751173 ], [ 174.470293803168175, -35.506549473023547 ], [ 174.470291762779738, -35.506547647123632 ], [ 174.470289684067581, -35.506545850358393 ], [ 174.470287567653997, -35.506544083265702 ], [ 174.470285414172764, -35.506542346374708 ], [ 174.47028322426786, -35.506540640204818 ], [ 174.470280998594262, -35.506538965266373 ], [ 174.470278737819314, -35.506537322061526 ], [ 174.470276442618911, -35.506535711081533 ], [ 174.470274113679324, -35.50653413280812 ], [ 174.470271751698562, -35.506532587714297 ], [ 174.470269357383245, -35.506531076262306 ], [ 174.470266931449885, -35.506529598904457 ], [ 174.470264474623889, -35.506528156082503 ], [ 174.470261987642033, -35.50652674822912 ], [ 174.470259471246948, -35.506525375764731 ], [ 174.470256926192718, -35.506524039100576 ], [ 174.470254353241216, -35.506522738636839 ], [ 174.470251753161421, -35.506521474762152 ], [ 174.470249126732057, -35.506520247855079 ], [ 174.470246474739724, -35.506519058283047 ], [ 174.470243797977673, -35.506517906401854 ], [ 174.470241097246316, -35.506516792555992 ], [ 174.47023837335459, -35.506515717079047 ], [ 174.470235627118001, -35.50651468029303 ], [ 174.470232859357878, -35.506513682507993 ], [ 174.470230070902744, -35.506512724022627 ], [ 174.470227262587287, -35.50651180512385 ], [ 174.47022443525114, -35.506510926086392 ], [ 174.470221589741982, -35.506510087173801 ], [ 174.470218726909991, -35.506509288636721 ], [ 174.470215847612963, -35.506508530714434 ], [ 174.470212952711222, -35.506507813633391 ], [ 174.470210043073308, -35.506507137608757 ], [ 174.470207260485779, -35.506506533439129 ], [ 174.470196919610203, -35.506504538735179 ], [ 174.470196457459707, -35.50650444613796 ], [ 174.470185787867138, -35.506502228358208 ], [ 174.470185327740495, -35.506502129251054 ], [ 174.470174706561096, -35.50649976118963 ], [ 174.47017424859547, -35.506499655602106 ], [ 174.470163678994908, -35.506497137964807 ], [ 174.470163223326722, -35.506497025928354 ], [ 174.470152708455259, -35.506494359465549 ], [ 174.47015225522037, -35.506494241013563 ], [ 174.470141798211898, -35.50649142652 ], [ 174.470141347545365, -35.506491301687802 ], [ 174.470130951516609, -35.506488340002313 ], [ 174.470130503552809, -35.506488208827115 ], [ 174.470120171602275, -35.50648510083245 ], [ 174.470119726474678, -35.506484963353309 ], [ 174.470109461681773, -35.506481709975795 ], [ 174.470109019523051, -35.506481566233738 ], [ 174.4700988249472, -35.506478168443024 ], [ 174.470098385889145, -35.506478018480848 ], [ 174.470088264568801, -35.50647447728965 ], [ 174.470087828742237, -35.506474321152069 ], [ 174.470077783694023, -35.50647063761582 ], [ 174.470077351228952, -35.506470475349381 ], [ 174.470067385446782, -35.506466650565983 ], [ 174.470066956471982, -35.506466482219025 ], [ 174.470057072926096, -35.506462517328416 ], [ 174.470056647569493, -35.506462342951124 ], [ 174.470046849205715, -35.506458239135043 ], [ 174.47004642759407, -35.506458058779408 ], [ 174.470036717332761, -35.50645381726099 ], [ 174.470036299591669, -35.506453630980744 ], [ 174.470026680326924, -35.506449253024158 ], [ 174.470026266580959, -35.506449060874836 ], [ 174.470016741179762, -35.506444547784923 ], [ 174.470016331552273, -35.506444349823802 ], [ 174.47000690285364, -35.506439702945677 ], [ 174.470006497466613, -35.506439499231725 ], [ 174.469997666241795, -35.506434975052613 ], [ 174.469990457853299, -35.506431623269606 ], [ 174.469990063048442, -35.506431436138165 ], [ 174.469982417589506, -35.506427742828166 ], [ 174.469982026627775, -35.506427550377481 ], [ 174.469974456999466, -35.506423754069033 ], [ 174.469974069988126, -35.506423556351869 ], [ 174.46996657826557, -35.506419658085704 ], [ 174.469966195310718, -35.506419455156269 ], [ 174.469958783547696, -35.506415456001065 ], [ 174.469958404754237, -35.506415247914958 ], [ 174.469951074982589, -35.506411148967025 ], [ 174.469950700454405, -35.506410935781318 ], [ 174.469943454683516, -35.506406738164337 ], [ 174.469943084523294, -35.506406519937457 ], [ 174.469935924739445, -35.506402224802159 ], [ 174.469935559048622, -35.506402001593933 ], [ 174.469928487214617, -35.506397610117787 ], [ 174.469928126093521, -35.506397381989437 ], [ 174.469921144148003, -35.506392895376315 ], [ 174.469920787695543, -35.506392662390326 ], [ 174.469913897552544, -35.506388081870156 ], [ 174.469913545866461, -35.506387844090469 ], [ 174.469906749414804, -35.506383170918994 ], [ 174.469906402591533, -35.506382928410737 ], [ 174.469899701694374, -35.506378163869051 ], [ 174.469899359828958, -35.506377916698696 ], [ 174.469892756323247, -35.506373062092926 ], [ 174.469892419509449, -35.506372810328266 ], [ 174.469885915205452, -35.506367866989244 ], [ 174.469885583535557, -35.506367610699279 ], [ 174.469879180216338, -35.506362579982174 ], [ 174.469878853781296, -35.506362319237184 ], [ 174.469872553202237, -35.506357202521116 ], [ 174.469872232091518, -35.506356937392582 ], [ 174.469866035979862, -35.506351736080212 ], [ 174.469865720281518, -35.506351466640808 ], [ 174.469859630335776, -35.506346182158055 ], [ 174.469857041083401, -35.506343569536135 ], [ 174.469854705640984, -35.506340815924808 ], [ 174.469852450699676, -35.506338252156851 ], [ 174.469850142378391, -35.506335720351444 ], [ 174.46984778135436, -35.506333221251296 ], [ 174.469845368320421, -35.506330755589822 ], [ 174.469842903984784, -35.506328324090624 ], [ 174.469840389070725, -35.506325927467394 ], [ 174.469837824316329, -35.506323566423433 ], [ 174.469835210474315, -35.506321241651754 ], [ 174.469832548311928, -35.506318953834672 ], [ 174.469829838609712, -35.506316703643016 ], [ 174.469827082164301, -35.506314491738301 ], [ 174.469824279783182, -35.506312318768465 ], [ 174.469821432289734, -35.50631018537203 ], [ 174.469818540519555, -35.506308092174962 ], [ 174.469815605320861, -35.506306039791298 ], [ 174.46981262755537, -35.506304028823521 ], [ 174.46980960809725, -35.506302059862001 ], [ 174.469806547831865, -35.506300133484118 ], [ 174.469803447658563, -35.506298250255924 ], [ 174.469800308485702, -35.506296410729234 ], [ 174.469797131236277, -35.506294615444929 ], [ 174.469793916840814, -35.506292864928781 ], [ 174.469790666244336, -35.506291159695415 ], [ 174.469787380399822, -35.506289500244804 ], [ 174.469784060272133, -35.506287887064211 ], [ 174.469780706835451, -35.506286320626934 ], [ 174.46977732107365, -35.506284801392596 ], [ 174.469773903981149, -35.506283329807388 ], [ 174.469770456559957, -35.506281906302831 ], [ 174.469766979822367, -35.506280531296916 ], [ 174.469763474788408, -35.506279205193067 ], [ 174.469759942487229, -35.506277928380641 ], [ 174.469756383954376, -35.506276701233936 ], [ 174.469752800235824, -35.506275524113704 ], [ 174.469749192381585, -35.506274397364791 ], [ 174.469748729264921, -35.506274260117564 ], [ 174.469609315910049, -35.506264254242062 ], [ 174.469607941567205, -35.50626412711685 ], [ 174.46956072928657, -35.506258775879829 ], [ 174.46956030919884, -35.506258725565743 ], [ 174.469513203334969, -35.506252780276625 ], [ 174.469512784245012, -35.506252724677061 ], [ 174.469465795976959, -35.506246186746772 ], [ 174.469465377984193, -35.506246125874952 ], [ 174.469418518463101, -35.506238996854997 ], [ 174.469418101666747, -35.506238930725353 ], [ 174.469371382013207, -35.506231212307576 ], [ 174.469370075857853, -35.506230969366783 ], [ 174.469336570461564, -35.506224033155185 ], [ 174.46930535618182, -35.506218020581557 ], [ 174.469331581405982, -35.506233845689295 ], [ 174.469331924535112, -35.506234056135618 ], [ 174.469374683734344, -35.506260708614313 ] ], [ [ 174.467405610359123, -35.505738484031582 ], [ 174.467405583558588, -35.505738873636325 ], [ 174.467405082203413, -35.505745186687705 ], [ 174.467405047157285, -35.505745575854625 ], [ 174.467404412202001, -35.505751880861645 ], [ 174.467404368920711, -35.505752269474044 ], [ 174.467403600555684, -35.505758564546426 ], [ 174.467403549052221, -35.50575895248781 ], [ 174.467402647507782, -35.505765235738266 ], [ 174.46740228262189, -35.505767100073605 ], [ 174.467401663333391, -35.505769590576989 ], [ 174.467401139529557, -35.505771899287126 ], [ 174.467400664247975, -35.505774215006234 ], [ 174.467400237628453, -35.505776537052995 ], [ 174.467399859796785, -35.505778864743213 ], [ 174.467399530864128, -35.505781197391798 ], [ 174.467399250927343, -35.505783534311973 ], [ 174.467399020068854, -35.505785874815729 ], [ 174.467398838356615, -35.505788218213844 ], [ 174.467398705844175, -35.505790563816461 ], [ 174.467398622570499, -35.505792910933039 ], [ 174.467398588560172, -35.505795258872105 ], [ 174.46739860382317, -35.505797606943062 ], [ 174.467398668355003, -35.505799954453977 ], [ 174.467398782136684, -35.50580230071396 ], [ 174.467398945134732, -35.505804645032249 ], [ 174.467399157301145, -35.505806986718468 ], [ 174.46739941857345, -35.505809325083348 ], [ 174.467399728874739, -35.505811659438272 ], [ 174.467400088113664, -35.505813989095877 ], [ 174.467400496184467, -35.505816313370474 ], [ 174.467400952966926, -35.505818631577569 ], [ 174.467401458326691, -35.505820943034728 ], [ 174.467402012114917, -35.505823247061457 ], [ 174.467402614168464, -35.505825542979004 ], [ 174.467403264310263, -35.505827830112096 ], [ 174.467403962348698, -35.505830107786466 ], [ 174.467404708078448, -35.505832375332361 ], [ 174.46740550127987, -35.505834632081793 ], [ 174.467406341719254, -35.505836877369838 ], [ 174.467407229149501, -35.505839110536321 ], [ 174.467408163309102, -35.505841330923239 ], [ 174.467409143923106, -35.505843537876956 ], [ 174.467410170702664, -35.505845730747424 ], [ 174.46741124334568, -35.5058479088895 ], [ 174.467412361536134, -35.505850071661406 ], [ 174.467413524945101, -35.505852218426938 ], [ 174.467414733229646, -35.505854348553299 ], [ 174.467415986034382, -35.505856461413963 ], [ 174.467417282990198, -35.5058585563864 ], [ 174.467418623715389, -35.505860632854109 ], [ 174.467420007815264, -35.505862690205738 ], [ 174.467421434882198, -35.505864727835345 ], [ 174.467422904496004, -35.505866745143052 ], [ 174.467424416224077, -35.505868741534968 ], [ 174.467425969621246, -35.505870716423182 ], [ 174.467427564230235, -35.505872669226406 ], [ 174.467429199581574, -35.505874599369626 ], [ 174.467430875193628, -35.505876506284508 ], [ 174.46743259057331, -35.50587838940978 ], [ 174.467434345215395, -35.50588024819082 ], [ 174.467436138603063, -35.505882082080163 ], [ 174.46743812103611, -35.50588403945958 ], [ 174.467439651967595, -35.505885701655039 ], [ 174.467441449045083, -35.50588785272749 ], [ 174.46744315326626, -35.505889818577373 ], [ 174.467444898919183, -35.505891759967646 ], [ 174.467446685479274, -35.505893676314791 ], [ 174.467448512409049, -35.505895567042359 ], [ 174.467450379159487, -35.505897431582099 ], [ 174.467452285168662, -35.505899269372811 ], [ 174.467454229864018, -35.505901079862412 ], [ 174.467456212660295, -35.505902862505984 ], [ 174.467458232962173, -35.505904616768355 ], [ 174.467460290160659, -35.505906342120667 ], [ 174.467462383638832, -35.505908038045582 ], [ 174.467464512765588, -35.505909704031765 ], [ 174.467466676901978, -35.505911339579335 ], [ 174.46746887539652, -35.50591294419587 ], [ 174.467471107588608, -35.505914517399205 ], [ 174.467473372805927, -35.505916058715592 ], [ 174.467475670369396, -35.505917567682857 ], [ 174.467477999585498, -35.505919043845566 ], [ 174.467480359756451, -35.505920486761518 ], [ 174.46748275017049, -35.50592189599552 ], [ 174.46748517010974, -35.505923271124416 ], [ 174.467487618846803, -35.505924611734777 ], [ 174.467490095644422, -35.505925917423042 ], [ 174.467492599758828, -35.505927187797113 ], [ 174.467495130436362, -35.505928422474625 ], [ 174.467497686916175, -35.505929621084398 ], [ 174.467500268429944, -35.505930783266152 ], [ 174.467502874200363, -35.505931908670007 ], [ 174.467505503444926, -35.505932996957988 ], [ 174.467508155372684, -35.505934047802675 ], [ 174.467510829185898, -35.505935060888028 ], [ 174.467513524081198, -35.505936035909578 ], [ 174.467516239247431, -35.505936972573913 ], [ 174.467518973869204, -35.505937870599688 ], [ 174.467521727123, -35.505938729716505 ], [ 174.467524498181234, -35.505939549666124 ], [ 174.467527286211123, -35.505940330202101 ], [ 174.467530090374538, -35.505941071089808 ], [ 174.467532909826872, -35.505941772106098 ], [ 174.467535454394664, -35.505942365562291 ], [ 174.467541399511674, -35.505943548382533 ], [ 174.467541861833269, -35.505943643835622 ], [ 174.467548303288396, -35.50594502234344 ], [ 174.467548763521279, -35.505945124322231 ], [ 174.467555174847405, -35.505946593744468 ], [ 174.467555632853845, -35.505946702218445 ], [ 174.467562012131964, -35.505948262115304 ], [ 174.467562467774883, -35.505948377051993 ], [ 174.467568813095625, -35.505950026956562 ], [ 174.467569266238712, -35.505950148321567 ], [ 174.467571699112113, -35.505950819025969 ], [ 174.467556388344889, -35.505934667083899 ], [ 174.467556097920067, -35.505934355136588 ], [ 174.467531296669875, -35.505907229588992 ], [ 174.4675301453793, -35.50590586897281 ], [ 174.467502907353236, -35.505871009782226 ], [ 174.467502663522538, -35.505870691926667 ], [ 174.467476139031646, -35.505835466765099 ], [ 174.467475901706536, -35.505835145634222 ], [ 174.467450098102404, -35.505799564266027 ], [ 174.467449867348648, -35.505799239948843 ], [ 174.467424791783031, -35.505763312237093 ], [ 174.46742456766458, -35.505762984823519 ], [ 174.467405810731492, -35.505735039588686 ], [ 174.467405610359123, -35.505738484031582 ] ] ] ] } }
]
}
